Company,Average_HHI_Contribution,Total_Complaints,Average_Market_Share,Average_Market_Share_pct
"CITIBANK, N.A.",216.24638250488726,68154,0.14090461213795635,14.090461213795635
CAPITAL ONE FINANCIAL CORPORATION,179.21711411969784,69142,0.13063720979050733,13.063720979050734
JPMORGAN CHASE & CO.,94.24646211325579,47217,0.0945333347516921,9.45333347516921
SYNCHRONY FINANCIAL,74.89633601510522,45154,0.08454869710385769,8.454869710385768
"BANK OF AMERICA, NATIONAL ASSOCIATION",74.47030635943291,40509,0.08275193615171668,8.275193615171668
AMERICAN EXPRESS COMPANY,55.24577393322808,40024,0.07265682942334856,7.2656829423348555
"Empowerment Ventures, LLC",36.26707769776993,907,0.01914857835104185,1.9148578351041852
"Bread Financial Holdings, Inc.",25.334085357350826,21069,0.046504275817152885,4.650427581715288
DISCOVER BANK,17.97444921433455,19453,0.04092621389022072,4.092621389022072
"TRANSUNION INTERMEDIATE HOLDINGS, INC.",17.631808049465654,19482,0.023920050944727555,2.3920050944727556
"EQUIFAX, INC.",16.73937691738046,20616,0.02151106756928843,2.151106756928843
WELLS FARGO & COMPANY,14.440970471539126,19295,0.03672313431859524,3.6723134318595236
Experian Information Solutions Inc.,12.638547315608987,18319,0.019116821376857874,1.9116821376857873
BARCLAYS BANK DELAWARE,12.500504364485499,17707,0.03410093277483616,3.410093277483616
U.S. BANCORP,10.772059132891856,15030,0.029111227033242114,2.9111227033242115
GOLDMAN SACHS BANK USA,4.827117621891279,9918,0.019904414518189292,1.9904414518189293
TD BANK US HOLDING COMPANY,2.687832147861241,8789,0.015518174500798131,1.5518174500798132
Comerica,1.5139241768485565,5476,0.010468985971253423,1.0468985971253424
"CLGF Holdco 1, LLC",1.2961388263518205,3910,0.010873342524572654,1.0873342524572653
Netspend Corporation,1.0118895265208674,3995,0.009172728821334256,0.9172728821334255
"Paypal Holdings, Inc",0.984355957920541,3534,0.007502323684601364,0.7502323684601364
"Block, Inc.",0.9407582012116541,4311,0.008482517883266294,0.8482517883266294
Conduent Incorporated,0.9124391165384156,2108,0.004991365335887063,0.4991365335887063
UNITED SERVICES AUTOMOBILE ASSOCIATION,0.8912837446104797,3886,0.00834987684622357,0.834987684622357
Chime Financial Inc,0.7940590115710826,3430,0.00834299768447425,0.8342997684474249
NAVY FEDERAL CREDIT UNION,0.7691537524614354,5679,0.007710060431968369,0.771006043196837
Incomm Holdings Inc.,0.46764553581499996,3437,0.005352037649792791,0.5352037649792791
HSBC NORTH AMERICA HOLDINGS INC.,0.4660504886849195,1735,0.005140383233767687,0.5140383233767687
"Imprint Payments, Inc.",0.37071011806014476,333,0.004513958592018864,0.4513958592018864
FIRST NATIONAL BANK OF OMAHA,0.29350886344510324,2337,0.004918961013782801,0.4918961013782801
PNC Bank N.A.,0.26859808885104686,2274,0.004760227701900595,0.47602277019005945
Atlanticus Services Corporation,0.2478688612981865,2802,0.004211188580044916,0.4211188580044916
"Bilt Technologies, Inc.",0.24231366849338118,574,0.0028584009205422875,0.2858400920542287
"Avant Holding Company, Inc.",0.22168800138515737,1395,0.0038886324232264052,0.3888632423226405
FIFTH THIRD FINANCIAL CORPORATION,0.18431328521856155,1755,0.0037886145922455777,0.3788614592245578
TRUIST FINANCIAL CORPORATION,0.1546177158414216,1518,0.00370988993663469,0.370988993663469
FISERV FINXACT CORE,0.13460048552267007,1287,0.0030857548836500095,0.3085754883650009
"Credit Karma, LLC",0.12742446771859772,437,0.0014133649821433652,0.14133649821433653
BBVA FINANCIAL CORPORATION,0.10748130641439162,599,0.0028776099490998622,0.28776099490998625
Synovus Bank,0.10256591709677478,1506,0.0027659334386458856,0.27659334386458856
"Continental Finance Company, LLC",0.09680570592590014,1584,0.0028007768504003812,0.2800776850400381
Blackhawk Network Holdings Inc.,0.09288268259542616,1310,0.00265696003116676,0.265696003116676
"SUNTRUST BANKS, INC.",0.08690607966791912,413,0.0026349963049293853,0.2634996304929385
Self Financial Inc.,0.08501272833241835,1180,0.002667940825283948,0.2667940825283948
ROBINHOOD MARKETS INC.,0.07939029319939112,680,0.0017237377353322518,0.1723737735332252
"Affirm Holdings, Inc",0.0693529255313528,1011,0.0022949143560955674,0.22949143560955673
"CITIZENS FINANCIAL GROUP, INC.",0.06787249868973125,1147,0.002256910393208394,0.2256910393208394
PENTAGON FEDERAL CREDIT UNION,0.06618533762370542,1162,0.002294786266353968,0.2294786266353968
KEYCORP,0.06482117728993177,958,0.002068662172462904,0.2068662172462904
"Social Finance, Inc.",0.06438694032702204,108,0.0019195966296097168,0.19195966296097167
REGIONS FINANCIAL CORPORATION,0.06327126715123257,960,0.002121121338449741,0.2121121338449741
ENCORE CAPITAL GROUP INC.,0.05394541843815097,1075,0.0020388938123401135,0.20388938123401135
"UPGRADE, INC.",0.05328655836349689,603,0.0017981315118214196,0.17981315118214194
ALLY FINANCIAL INC.,0.04524830111027699,705,0.0016585350212194021,0.16585350212194022
"STERLING JEWELERS, INC.",0.04219654964615426,321,0.001760722698943685,0.1760722698943685
"FIRST NIAGARA FINANCIAL GROUP, INC.",0.040809982173139185,64,0.001527750658313786,0.15277506583137862
Pending Company Match,0.039639041582312524,60,0.0014436281989945378,0.1443628198994538
BB&T CORPORATION,0.03382502564304393,225,0.0016239677711355454,0.16239677711355455
"SOFI TECHNOLOGIES, INC.",0.033715559432068824,408,0.001672289219286364,0.1672289219286364
FIRST PORTFOLIO SERVICING INC,0.032928466238301556,594,0.00163492216881236,0.163492216881236
Resurgent Capital Services L.P.,0.031096469610595128,926,0.0014775906822188604,0.14775906822188603
"Securus J Holdings, LLC",0.030522242266087133,62,0.0006738541105366863,0.06738541105366863
Klarna AB,0.030120824177653594,607,0.001258310620597559,0.1258310620597559
"IMC Capital, LLC",0.02972727665476172,47,0.0013451685340951705,0.13451685340951705
First Data Corporation,0.029022615869144307,183,0.0015225035489551243,0.15225035489551245
"PINNACLE FINANCIAL PARTNERS, INC.",0.028247116015306262,174,0.0013099254157169172,0.1309925415716917
BMO BANK NATIONAL ASSOCIATION,0.027149211245752376,744,0.0013157563052137455,0.13157563052137455
"STATE FARM BANK, FSB",0.026457152809612236,230,0.001360321188734099,0.13603211887340988
ADP Inc.,0.02533492622696599,461,0.0013854605239916704,0.13854605239916704
"SANTANDER BANK, NATIONAL ASSOCIATION",0.024066209606941624,220,0.0013063081918439367,0.13063081918439368
Army and Air Force Exchange Service,0.023555171953178827,603,0.001304232728727249,0.1304232728727249
"Colony Brands, Inc.",0.02197409981623097,521,0.0012085845611835776,0.12085845611835777
"Portfolio Recovery Associates, LLC",0.021000031840506413,643,0.0012643639988940529,0.12643639988940528
OneMain Finance Corporation,0.017363472648166154,482,0.0011234988714919015,0.11234988714919016
"EXPERT GLOBAL SOLUTIONS, INC.",0.01731464380384892,29,0.0011212453150095966,0.11212453150095966
Couch Conville & Blitt LLC,0.0170206319845759,2,0.001304631441617743,0.1304631441617743
"Risecredit, LLC",0.016305458728095145,3,0.0012257934151491158,0.12257934151491158
"One Technologies, LP",0.015431503414220131,2,0.0012422360248447205,0.12422360248447205
Mercury Financial Intermediate LLC,0.015374338258336895,209,0.00098338970497671,0.09833897049767099
MUFG AMERICAS HOLDINGS CORPORATION,0.0141036333522789,97,0.000984053429709654,0.09840534297096541
BANCO POPULAR DE PUERTO RICO,0.01354769733722291,275,0.000848384386574984,0.0848384386574984
"ORG GC GP BUYER, LLC",0.013258477259939292,8,0.0008531087044843477,0.08531087044843477
Avant Credit Corporation,0.012724639179894238,71,0.000946471913759586,0.09464719137595859
FinCo Services Inc DBA Current,0.0125832110319134,407,0.0009139552263937728,0.09139552263937728
Google Compare Credit Cards Inc.,0.012359287748620799,397,0.000930739941122503,0.0930739941122503
CARD Corporation,0.011641029552372093,259,0.0008274222295806816,0.08274222295806816
Mendelson Law Firm,0.011080332409972297,1,0.0010526315789473684,0.10526315789473684
"Prosper Marketplace, Inc.",0.011049676774968325,327,0.0009390850437397666,0.09390850437397666
"Frederick J. Hanna & Associates, P.C. (closed)",0.011015975745397786,6,0.000985389268503315,0.0985389268503315
Newport Intermediate Inc.,0.010926938408739994,293,0.0009187685065132037,0.09187685065132037
OpenRoad Lending,0.010661068894758992,2,0.0010325245224574084,0.10325245224574084
Bank of China USA,0.010541432946687449,5,0.0009118152600364965,0.09118152600364965
"Coinbase, Inc.",0.010324030172316638,209,0.000772872969098947,0.0772872969098947
M&T BANK CORPORATION,0.010309026511973858,319,0.0008364101593994883,0.08364101593994883
Tate and Kirlin Assoc,0.010199521952382625,4,0.0008782274976806933,0.08782274976806934
Northland Group Inc,0.01010886146201442,11,0.0008961498442942194,0.08961498442942195
MORGAN STANLEY & CO. LLC,0.010053224902483681,5,0.0008069388982974257,0.08069388982974257
ALLIANT CREDIT UNION,0.009977866355043823,265,0.0007589058386887655,0.07589058386887655
"HUNTINGTON NATIONAL BANK, THE",0.009941901844175191,357,0.0008458344113416059,0.0845834411341606
Exto Inc.,0.009849087973343152,155,0.0007867170077948249,0.07867170077948249
Kikoff Inc.,0.009447012300265059,336,0.0008494892096504027,0.08494892096504027
BANK OF THE WEST,0.009415779030794335,171,0.0008846141976284041,0.08846141976284042
ASTORIA BANK,0.009389459768042785,1,0.0009689922480620155,0.09689922480620156
CITY NATIONAL BANK,0.009252874447320506,72,0.0006190290727852924,0.06190290727852924
"SANTANDER HOLDINGS USA, INC.",0.009235355950780785,276,0.0008589434598475844,0.08589434598475844
COMMERCE BANK,0.009123712033380242,270,0.0007812821969875025,0.07812821969875025
"Oxford Law, LLC",0.008866474441500774,1,0.0009416195856873823,0.09416195856873823
Primary Financial Services L.L.C.,0.008866474441500774,1,0.0009416195856873823,0.09416195856873823
"RABOBANK, NATIONAL ASSOCIATION",0.008800430862116446,2,0.0009380995124698594,0.09380995124698593
"Grain Technology, Inc.",0.00877502777429701,98,0.000839510210005672,0.0839510210005672
"Young America Holdings, LLC",0.008761049224168324,6,0.0008049290365483053,0.08049290365483053
"Sharinn & Lipshie, P.C.",0.008734387282732117,1,0.0009345794392523365,0.09345794392523366
"Professional Bureau of Collections of Maryland, Inc., GREENWOOD VILLAGE, CO Branch",0.008494552867973413,1,0.0009216589861751152,0.09216589861751152
Marauder Corporation,0.008494552867973413,1,0.0009216589861751152,0.09216589861751152
"Liberty Holdings, LLC",0.008494552867973413,1,0.0009216589861751152,0.09216589861751152
BlockFi Inc,0.008492510429322309,13,0.0007192596733745268,0.07192596733745268
Performant Financial Corporation,0.008440013343661096,2,0.0009186954524575103,0.09186954524575103
FIRST HORIZON BANK - WEST CONGRESS STREET BRANCH,0.008427445440429546,24,0.0008286057904028026,0.08286057904028026
CREDIGY USA CORP.,0.00840326148710013,3,0.0009154692504597193,0.09154692504597192
"Henley, Lotterhos & Henley, PLLC",0.008249456979494325,1,0.0009082652134423251,0.09082652134423251
Greene & Cooper Collections LLC,0.008249456979494325,1,0.0009082652134423251,0.09082652134423251
SQUARETWO FINANCIAL CORPORATION,0.008200990777172597,15,0.0008391238026259148,0.08391238026259148
Federated Capital Corporation,0.008200839458404708,2,0.0009048375706214688,0.09048375706214688
US Gold Cards Inc,0.008184786997656075,2,0.0009042462817262201,0.090424628172622
Ocwen Financial Corporation,0.00814690748012552,15,0.0007786262710259235,0.07786262710259235
MODERN FINANCE COMPANY,0.00807978790556748,2,0.0008988764044943821,0.0898876404494382
Credit One LLC,0.007986193468731258,1,0.0008936550491510277,0.08936550491510277
"Regional Acquisition Group, Inc.",0.007986193468731258,1,0.0008936550491510277,0.08936550491510277
"Zakheim Law Group, P.A.",0.007986193468731258,1,0.0008936550491510277,0.08936550491510277
"Veldos, LLC",0.007986193468731258,1,0.0008936550491510277,0.08936550491510277
Nationwide Financial Group,0.007986193468731258,1,0.0008936550491510277,0.08936550491510277
IQOR US INC,0.007884873688511674,8,0.0007918780139812338,0.07918780139812338
"HUNTINGTON NATIONAL BANK, THE - FIRSTMERIT BANK, N.A. BRANCH",0.007833830524136054,17,0.0008264319529388001,0.08264319529388
Winklevoss Exchange LLC,0.007661162603853012,220,0.0007181370437373949,0.07181370437373949
"ONEMAIN FINANCIAL HOLDINGS, LLC.",0.007644089818745666,28,0.0007455414051312334,0.07455414051312334
"Eltman Law, P.C.",0.007620817161914248,2,0.0008727219027697217,0.08727219027697217
U.S. BANK NATIONAL ASSOCIATION - SAN FRANCISCO MAIN BRANCH,0.007613972344684001,59,0.0007931023225703595,0.07931023225703594
"Automatic Data Processing, Inc.",0.0075740901473697,44,0.0006671648491409862,0.06671648491409862
"Total Card, Inc.",0.0075612973481835955,192,0.000705341980048797,0.0705341980048797
Woods Oviatt Gilman LLP,0.007535204475308642,1,0.0008680555555555555,0.08680555555555555
"Asset Management Professionals, LLC",0.007535204475308642,1,0.0008680555555555555,0.08680555555555555
"National Recoveries, Inc.",0.007535204475308642,1,0.0008680555555555555,0.08680555555555555
"Law Offices of Krista L. White & Associates, P.S.",0.007535204475308642,1,0.0008680555555555555,0.08680555555555555
"Walter Lee & Associates, LLC",0.007287286311022738,2,0.0008526716804196698,0.08526716804196698
Hollis Cobb Associates,0.007255440855097238,1,0.0008517887563884157,0.08517887563884156
Vargo & Janson PC,0.007255440855097238,1,0.0008517887563884157,0.08517887563884156
GREAT LAKES,0.0072182767856862826,3,0.0008090643398504861,0.08090643398504861
"Dynamic Recovery Solutions, LLC",0.0071566856884181015,10,0.0006972627685645673,0.06972627685645673
LendUp Loans LLC,0.007156018766454841,29,0.0007516595507000994,0.07516595507000993
RJM ACQUISITION LLC,0.0070616481886872405,1,0.0008403361344537816,0.08403361344537816
"World Recovery Service, LLC",0.0070616481886872405,1,0.0008403361344537816,0.08403361344537816
Fulton Friedman & Gullace LLP,0.006979297310388195,1,0.000835421888053467,0.0835421888053467
E*TRADE BANK,0.006784728776659561,6,0.0008083661161514779,0.0808366116151478
FCI Lender Services Inc.,0.006762898199445982,1,0.0008223684210526315,0.08223684210526315
"CREDIT BUREAU OF NAPA COUNTY, INC.",0.006755887721117315,2,0.0007728641129450846,0.07728641129450846
Commercial Recovery Systems,0.006729651720334518,1,0.0008203445447087777,0.08203445447087777
"Stillman, P.C. d.b.a. Stillman Law Office",0.006729651720334518,1,0.0008203445447087777,0.08203445447087777
Nations Recovery Center,0.006729651720334518,1,0.0008203445447087777,0.08203445447087777
"CASHCALL, INC.",0.006729651720334518,1,0.0008203445447087777,0.08203445447087777
MoneyLion Inc.,0.006697017137409433,83,0.0005258017398625254,0.05258017398625254
CAC Financial Corp,0.0066890373816117215,2,0.0008171306849234723,0.08171306849234723
TCF NATIONAL BANK,0.006623193556701337,23,0.0007629156450641071,0.07629156450641071
Round Two Recovery,0.006588379153314219,1,0.0008116883116883117,0.08116883116883117
"Robert W. Warner & Associates, P.C.",0.006588379153314219,1,0.0008116883116883117,0.08116883116883117
"P&B Capital Group, LLC",0.006588379153314219,1,0.0008116883116883117,0.08116883116883117
ONEMAIN FINANCE CORPORATION,0.006556021901876032,5,0.0007165407955845738,0.07165407955845737
UMB FINANCIAL CORPORATION,0.006553201075816606,175,0.0006294247870334205,0.06294247870334205
"Integrity Solution Services, Inc.",0.006535225847602454,1,0.0008084074373484236,0.08084074373484236
"Razor Capital, LLC",0.0062689282452204126,1,0.000791765637371338,0.0791765637371338
"Buffaloe & Associates, PLC",0.0062689282452204126,1,0.000791765637371338,0.0791765637371338
"Rozlin Financial Group, Inc.",0.0062689282452204126,1,0.000791765637371338,0.0791765637371338
POPULAR BANK,0.006246263748523992,22,0.000742173650043025,0.0742173650043025
MAJR Financial Corp,0.00614325248231832,5,0.0007058886627391068,0.07058886627391067
"Pressler & Pressler, LLP",0.0061327223766376605,9,0.0007121423728792133,0.07121423728792133
"McCullough Payne & Haan, LLC",0.006122633908126204,1,0.000782472613458529,0.0782472613458529
"Sessoms & Rogers, P.A.",0.006122633908126204,1,0.000782472613458529,0.0782472613458529
SANTANDER BANCORP,0.005951369234045687,29,0.0007108825807984996,0.07108825807984996
"NCC Business Services, Inc.",0.0058795183641884375,2,0.0007503411375268498,0.07503411375268498
"Financial Credit Service, Inc.",0.005863825040872223,10,0.0007269299031930159,0.07269299031930158
"Flagstar Bank, National Association",0.0058526008444442015,5,0.0007522726652620583,0.07522726652620583
"GreenSky, LLC",0.005782987372216584,74,0.0006672992020870563,0.06672992020870563
ZIONS BANCORPORATION,0.005751218266117274,65,0.0006200918866211904,0.06200918866211905
Van Ru Credit Corporation,0.005658938570159024,2,0.0007265043071151878,0.07265043071151878
Granite Edvance Corporation,0.005573327503632765,2,0.0007465472191116088,0.07465472191116088
Santander Consumer USA Holdings Inc.,0.005543709053118717,79,0.000665211340833114,0.0665211340833114
Deutsche Bank,0.005404754552047656,8,0.0006799473435479305,0.06799473435479306
OPORTUN FINANCIAL CORPORATION,0.005386649582607728,115,0.0005475715984385727,0.054757159843857275
"Syncapay, Inc",0.005360699005182629,26,0.0006503926516075229,0.06503926516075229
"Legal Prevention Services, LLC.",0.0053317160357320825,2,0.000728163530448941,0.0728163530448941
"Allgate Financial, LLC",0.0052527847241623385,2,0.0007146230580409853,0.07146230580409853
"URS Holding, LLC",0.005236458671447754,13,0.0006712808838929235,0.06712808838929235
"Blatt, Hasenmiller, Leibsker & Moore, LLC",0.005140329437046141,3,0.0006933306023346695,0.06933306023346694
"BROKER SOLUTIONS, INC.",0.005060297039532815,2,0.0005623412410041837,0.056234124100418365
First Technology Federal Credit Union,0.005058803236095864,130,0.0005447862396972856,0.05447862396972856
AES/PHEAA,0.0050456129862323906,28,0.0006209074705394826,0.06209074705394826
Payfare International Inc.,0.005044770536092284,155,0.0005823611681270595,0.05823611681270595
"Travelex NY, Inc.",0.004859529904832219,5,0.0006290663393967402,0.06290663393967402
"GAMACHE & MYERS, PC",0.004741350497146739,2,0.0006402511222544306,0.06402511222544306
"Neuheisel Law Firm, P.C.",0.004727072153278209,2,0.0006817135423708375,0.06817135423708374
FIRST HORIZON BANK,0.004684215890866144,79,0.0005458177660919086,0.05458177660919086
"Real Time Group, Inc.",0.004643562157784387,3,0.000652328659174193,0.0652328659174193
Delbert Services,0.004577740097890395,1,0.0006765899864682003,0.06765899864682003
The Law Firm of Allan C. Smith,0.004577740097890395,1,0.0006765899864682003,0.06765899864682003
Turning Point Solutions LLC,0.004577740097890395,1,0.0006765899864682003,0.06765899864682003
"Receivables Performance Management, LLC",0.004577740097890395,1,0.0006765899864682003,0.06765899864682003
"FIRST HAWAIIAN, INC.",0.00457497040762476,38,0.0005012401949474562,0.05012401949474562
"CAVALRY INVESTMENTS, LLC",0.00457401392050417,87,0.000520015131381699,0.0520015131381699
CL Holdings LLC,0.004559703849843463,242,0.0005915005719637205,0.059150057196372056
"Progressive Financial Services, Inc.",0.00454079816333796,1,0.0006738544474393531,0.06738544474393532
Smith Debnam Narron Drake Saintsing & Myers LLP,0.00454079816333796,1,0.0006738544474393531,0.06738544474393532
"Law Offices of Ed Overcash, LLC",0.00454079816333796,1,0.0006738544474393531,0.06738544474393532
"Praxis Financial Solutions, Incorporated",0.004524112249164216,5,0.0006635189056646981,0.06635189056646981
Alpha Recovery Corp,0.0045216042593215515,5,0.0006490599755184488,0.06490599755184488
"Commonwealth Financial Systems, Inc.",0.004478013023042082,3,0.0006412479208384997,0.06412479208384997
"Tilt Finance, Inc.",0.004473451760891349,53,0.0005110199147452976,0.051101991474529755
"Sparrow Financial, Inc.",0.004455126071538519,117,0.0006005336332245425,0.06005336332245424
Self Lender Inc,0.004432324622076809,7,0.0006382893866393269,0.06382893866393269
Scott Fetzer Financial Group Inc.,0.004431993272243423,6,0.00048071206515891966,0.048071206515891966
"Consumer Education Services, Inc.",0.004414962307259302,1,0.000664451827242525,0.0664451827242525
BOK FINANCIAL CORP,0.004322708609046189,7,0.0006158347763134743,0.06158347763134743
Hunt & Henriques,0.004320278222726963,3,0.0005751150621244284,0.05751150621244284
Genesis Lending,0.004319979618707372,8,0.0006237742762904453,0.06237742762904453
"CIT BANK, NATIONAL ASSOCIATION",0.0043026239777844725,4,0.0005939033007628232,0.05939033007628232
"Capitol Credit Services, Inc",0.004281941024934828,7,0.0006203025080511865,0.06203025080511865
"Protas, Spivok & Collins. LLC",0.004255157996143975,1,0.0006523157208088715,0.06523157208088715
Moneytree Inc,0.004255157996143975,1,0.0006523157208088715,0.06523157208088715
Element Global Services,0.004255157996143975,1,0.0006523157208088715,0.06523157208088715
"First Step Group, LLC",0.004255157996143975,1,0.0006523157208088715,0.06523157208088715
Mid-Atlantic Consumer Services,0.004189315151705575,1,0.0006472491909385113,0.06472491909385113
"Thomas, King & Associates",0.004189315151705575,1,0.0006472491909385113,0.06472491909385113
"Liberty Credit Services, Inc.",0.004189315151705575,1,0.0006472491909385113,0.06472491909385113
Kirkland Asset Management LLC,0.004189315151705575,1,0.0006472491909385113,0.06472491909385113
Finance Store Inc.,0.004189315151705575,1,0.0006472491909385113,0.06472491909385113
"Credit Technologies, Inc.",0.004189315151705575,1,0.0006472491909385113,0.06472491909385113
Vion Holdco I LLC,0.004178490052477657,1,0.0006464124111182935,0.06464124111182934
Rossman & Co & PCB,0.004178490052477657,1,0.0006464124111182935,0.06464124111182934
"Bursey & Associates, P.C.",0.004178490052477657,1,0.0006464124111182935,0.06464124111182934
"Emmett L. Goodman, Jr., LLC",0.004178490052477657,1,0.0006464124111182935,0.06464124111182934
"Mark A. Kirkorsky, PC",0.004178490052477657,1,0.0006464124111182935,0.06464124111182934
"Mel S. Harris and Associates, LLC",0.004178490052477657,1,0.0006464124111182935,0.06464124111182934
"Diversified Consultants, Inc.",0.004131081603479508,5,0.0006116172428330033,0.061161724283300335
"New Century Financial Services, Inc.",0.004129590411252334,3,0.0006156025056134226,0.06156025056134226
ASTA FUNDING INC.,0.0041173217984305675,3,0.0005613577367048918,0.056135773670489185
"Asset Recovery Solutions, LLC",0.004112294355435851,4,0.0005678769348965839,0.05678769348965839
"National Check Bureau, Inc.",0.004093527976220021,3,0.000572231552740143,0.0572231552740143
"PEOPLE'S UNITED BANK, NATIONAL ASSOCIATION",0.004048092795369876,25,0.0005766232964355175,0.057662329643551745
"Legal Recovery Law Offices, Inc",0.0040478255952134685,2,0.0006348548983349305,0.06348548983349306
"Investment Retrievers, Inc.",0.004039175161367529,3,0.0006347073119336605,0.06347073119336605
"United Debt Holdings, LLC",0.0039755171750293,1,0.0006305170239596469,0.06305170239596469
"Cheek Law Offices, LLC",0.00397050864995162,1,0.000630119722747322,0.0630119722747322
"Troy Capital, LLC",0.00397050864995162,1,0.000630119722747322,0.0630119722747322
Consumer Asset Management (Texas),0.00397050864995162,1,0.000630119722747322,0.0630119722747322
"SIMM Associates, Inc.",0.003961190014059111,4,0.0005715345835265524,0.05715345835265524
"WESTERN UNION COMPANY, THE",0.003957943096114426,40,0.0005040035321217702,0.05040035321217702
MONEYGRAM PAYMENT SYSTEMS WORLDWIDE INC,0.0039017448195555996,17,0.0005279940654987045,0.05279940654987045
"Law Offices Howard Lee Schiff, P.C.",0.003889426815669923,3,0.0006224763799566128,0.06224763799566128
"EOS Holdings, Inc.",0.003873370357444438,2,0.0005782378293599062,0.057823782935990616
Logan View LLC,0.0038602386219823226,2,0.0006212447970748245,0.06212447970748245
United Revenue Corporation,0.003857875853555033,1,0.0006211180124223603,0.062111801242236024
Convergys,0.003848200572507099,2,0.0006197661106599772,0.061976611065997715
"FIRST CITIZENS BANCSHARES, INC.",0.0038053722718629965,74,0.000494170077471832,0.049417007747183196
"Echelon Financial, Inc.",0.0037887387793396642,4,0.0005837290256294763,0.05837290256294762
"ADP, LLC",0.0037883987910016055,25,0.0005779993878376556,0.05779993878376556
"Operating Partners Co., LLC",0.00378232564613469,1,0.0006150061500615006,0.06150061500615006
"Nationwide Debt Management Solutions, LLC",0.00378232564613469,1,0.0006150061500615006,0.06150061500615006
"Meyer & Njus, P.A.",0.00378232564613469,1,0.0006150061500615006,0.06150061500615006
"WEBSTER BANK, NATIONAL ASSOCIATION",0.00377921543281051,35,0.000503613571821163,0.0503613571821163
"Fenton & McGarvey Law Firm, P.S.C.",0.003772367502423067,3,0.000614046932727319,0.0614046932727319
BANCORPSOUTH BANK,0.003757862446303571,17,0.0005579027398690564,0.05579027398690564
"Sentry Credit, Inc.",0.0037553013379779585,2,0.0006094067877523741,0.060940678775237414
LHR Inc.,0.003749968594013025,1,0.000612369871402327,0.0612369871402327
"PLAZA HOME MORTGAGE, INC.",0.003749968594013025,1,0.000612369871402327,0.0612369871402327
"Consumer Defense Group, LLC",0.003749968594013025,1,0.000612369871402327,0.0612369871402327
The Law Office of John P. Frye P.C.,0.003749968594013025,1,0.000612369871402327,0.0612369871402327
"Brightwater Capital, LLC",0.003749968594013025,1,0.000612369871402327,0.0612369871402327
"Dennis Dillon Auto Park and Truck Center, Inc.,",0.003749968594013025,1,0.000612369871402327,0.0612369871402327
"Daniels Norelli Scully & Cecere, P.C.",0.003736265953219601,2,0.0006112489991544887,0.06112489991544887
"COLLECTION SERVICES OF ATHENS, INC.",0.0037225633124261764,1,0.0006101281269066504,0.06101281269066504
TomoCredit Inc.,0.0037179955273522153,120,0.0005217482372558186,0.052174823725581854
Kirschenbaum & Phillips P.C,0.0036862164045531154,3,0.0005641475031486599,0.05641475031486599
"Convergent Resources, Inc.",0.003661038435535983,17,0.00057487890838168,0.057487890838168
FMS Inc.,0.0036464914439734257,5,0.0005788949929237833,0.05788949929237833
"Altisource Portfolio Solutions, S.à r.l.",0.003638735777318142,5,0.0005912544186175278,0.05912544186175278
"EMCC Holdings, LLC",0.0036349363891658554,4,0.0005744561415962874,0.05744561415962874
"Conn's, Inc.",0.0035888148571100124,99,0.0005312203882717453,0.05312203882717453
FIRSTBANK PUERTO RICO,0.0035695469140882997,87,0.0004972749714410701,0.04972749714410701
Weinman Acquisition Group,0.0035642682111828913,1,0.0005970149253731343,0.05970149253731343
"Citi Management Group, LLC",0.0035642682111828913,1,0.0005970149253731343,0.05970149253731343
"Seterus, Inc.",0.0035642682111828913,1,0.0005970149253731343,0.05970149253731343
FRIC HOLDING CORPORATION,0.0035642682111828913,1,0.0005970149253731343,0.05970149253731343
"Nelnet, Inc.",0.0035566308292056814,45,0.0004444373202926494,0.04444373202926494
BANK OF HAWAII CORPORATION,0.003548543575795427,11,0.0005032583716044667,0.050325837160446675
"D&A Services, LLC",0.0035358208382294176,5,0.000575237602130212,0.057523760213021205
"PINNACLE RECOVERY, INC.",0.0035318720502094956,2,0.0005015632429264963,0.05015632429264963
"Denovus Corporation, Ltd.",0.003526272137936482,1,0.0005938242280285036,0.05938242280285036
CHECK INTO CASH INC.,0.0035240233109462625,13,0.0005680452159191105,0.05680452159191105
"TIDEWATER FINANCE COMPANY, INC.",0.003519099052267978,33,0.0005587885542365877,0.055878855423658766
"Cogent Road, Inc.",0.0035179110925365412,1,0.0005931198102016608,0.05931198102016608
"Puerto Rico Consumer Debt Management Co., Inc.",0.0035179110925365412,1,0.0005931198102016608,0.05931198102016608
"SCA Collections, Inc.",0.0035179110925365412,1,0.0005931198102016608,0.05931198102016608
"APPLE RECOVERY, LLC",0.0035095797488825507,1,0.0005924170616113745,0.05924170616113744
"Rocket Mortgage, LLC",0.003496166889959285,11,0.0005179434215447843,0.05179434215447843
"Kramer & Frank, P.C.",0.0034642820396722646,1,0.0005885815185403178,0.05885815185403178
"RGS Financial, Inc.",0.0033853738367948614,2,0.00047336610047616127,0.04733661004761613
Credit Plus Inc,0.0033734595255194115,10,0.000554458063972761,0.0554458063972761
Lending Club Corp,0.0033517620238942046,17,0.0005276145460325465,0.05276145460325465
"LTD Financial Services, L.P.",0.0033460864908104516,5,0.0005730094247284369,0.05730094247284369
"Weinstein & Riley, P.S.",0.003299153008448141,1,0.0005743825387708214,0.05743825387708214
Novea Portfolio Management LLC,0.003299153008448141,1,0.0005743825387708214,0.05743825387708214
Affiliates Management Company,0.003297894357492905,16,0.0005170212173301829,0.051702121733018296
"Sunbit, Inc.",0.003270295919678044,142,0.00043432788280150635,0.04343278828015064
"Prepaid Ventures, LTD",0.003245043663130711,5,0.000516390395114464,0.0516390395114464
ASSOCIATED BANC-CORP,0.0032324573901326807,12,0.000484693111938444,0.0484693111938444
"BANK OF NEW YORK MELLON CORPORATION, THE",0.003204891771139609,75,0.0004607553349675235,0.04607553349675235
Oracle Financial Group LLC.,0.0031885610851588907,2,0.0005624637670696925,0.05624637670696925
"Second Round Limited Partnership, Austin, TX Branch",0.0031766769819564326,5,0.0005457996387105688,0.05457996387105688
Universal Fidelity LP,0.003173704538381887,2,0.0004661988254698942,0.04661988254698942
Allied Data Corporation,0.0031663825110896785,3,0.0005271565745989633,0.052715657459896335
"Platinum Holdings Group, LLC",0.0031609185516160575,2,0.0005546876870406283,0.055468768704062824
UMPQUA HOLDINGS CORPORATION,0.003124405846331806,9,0.0005198153080844067,0.05198153080844067
"SACOR FINANCIAL, INC",0.0031234240993348312,4,0.0005552737369817057,0.05552737369817057
"Klima, Peters & Daly, P.A.",0.0030916396494178513,3,0.00046691115635611266,0.04669111563561126
"JH Portfolio Debt Equities, LLC",0.0030797443164084118,14,0.0005015003330970186,0.05015003330970186
Terrill Outsourcing Group,0.003062553575546612,1,0.0005534034311012728,0.05534034311012728
Capitol Credit Company,0.003062553575546612,1,0.0005534034311012728,0.05534034311012728
Alliant Capital Management LLC,0.0030490425795504897,6,0.0005274569989064537,0.05274569989064537
"Machol & Johannes, LLC",0.003029940524623155,4,0.0005462773454165971,0.05462773454165971
"Interstate Recovery Service, Inc.",0.003025605090762101,1,0.00055005500550055,0.055005500550055
"United Check Recovery Bureau, Inc.",0.0030222793365855074,1,0.0005497526113249038,0.054975261132490384
Home Point Financial Corporation,0.0030222793365855074,1,0.0005497526113249038,0.054975261132490384
Sterling Credit Corp.,0.0030222793365855074,1,0.0005497526113249038,0.054975261132490384
P&L Acquisitions LLC,0.003012853902058047,3,0.0005437837292945085,0.05437837292945085
Global Credit & Collection Corporation,0.0030098771021044913,6,0.0005461042757445655,0.05461042757445655
"ZENCO COLLECTION, LLC",0.0030047363900983733,3,0.0005431452148765694,0.05431452148765694
INVESTORS BANK,0.002995227813171745,2,0.0005397789624972565,0.05397789624972565
Nelson Cruz & Associates LLC,0.002991407050406956,2,0.0005392728488973861,0.053927284889738615
"Branch Messenger, Inc.",0.002987563412271252,108,0.0004566083180450231,0.04566083180450231
"GREAT WESTERN BANCORP, INC.",0.002986228626081901,3,0.0005464586630940132,0.05464586630940132
"Acceptance Rentals, Inc.",0.0029795389103945383,1,0.0005458515283842794,0.05458515283842794
"Conville & Conville, PLLC",0.0029795389103945383,1,0.0005458515283842794,0.05458515283842794
"MSW Capital, LLC",0.002976288800016905,1,0.0005455537370430987,0.05455537370430987
"Carter-Young, Inc.",0.002976288800016905,1,0.0005455537370430987,0.05455537370430987
SLM CORPORATION,0.0029710800059410637,65,0.0004419076220379776,0.044190762203797765
"Premier Consumer Credit Counseling, Inc.",0.002969804512617957,1,0.0005449591280653951,0.05449591280653951
Riverwalk Financial Corporation,0.0029668870382197157,3,0.0005416706890007069,0.05416706890007069
"Money Management International, Inc.",0.0029601177416432914,1,0.000544069640914037,0.0544069640914037
"El Dorado Financial, Inc. DBA Omni Financial",0.0029601177416432914,1,0.000544069640914037,0.0544069640914037
"Lamont, Hanley & Associates, Inc.",0.0029601177416432914,1,0.000544069640914037,0.0544069640914037
"ID Analytics, Inc.",0.002955207548430582,13,0.000501606788796775,0.0501606788796775
"Populus Financial Group, Inc. (F/K/A Ace Cash Express)",0.0029412914724085484,23,0.0004371554568225374,0.04371554568225374
FIRSTBANK,0.0029358206003298284,17,0.0004976036749486099,0.04976036749486099
Forster & Garbus LLP,0.002931687667115471,2,0.0005344730232286454,0.05344730232286454
Mathew Aaron Holdings Inc.,0.0028843014394971623,1,0.0005370569280343716,0.05370569280343716
Genpact Limited,0.0028843014394971623,1,0.0005370569280343716,0.05370569280343716
"Mineola Texas Star, LLC.",0.0028658024934774336,1,0.0005353319057815846,0.05353319057815846
"FIRST FINANCIAL SERVICES, INC.",0.0028658024934774336,1,0.0005353319057815846,0.05353319057815846
MIDCOUNTRY FINANCIAL CORP,0.0028658024934774336,1,0.0005353319057815846,0.05353319057815846
"Sherloq Group, Inc",0.0028658024934774336,1,0.0005353319057815846,0.05353319057815846
Albert Corporation,0.0028653596530312923,51,0.00040927514550058165,0.040927514550058164
N26 Inc.,0.002861241176538034,6,0.0005193985201019008,0.05193985201019008
"Garner & Conner, PLLC",0.0028596757127741716,1,0.0005347593582887701,0.053475935828877004
"BorrowersFirst, Inc.",0.0028596757127741716,1,0.0005347593582887701,0.053475935828877004
"C & M Associates Group, Inc.",0.0028596757127741716,1,0.0005347593582887701,0.053475935828877004
"BLACK HILLS CHILDREN'S RANCH, INC.",0.0028535685586967645,1,0.0005341880341880342,0.05341880341880342
CURO Intermediate Holdings,0.002841553076397647,21,0.00047749736979281205,0.047749736979281206
"First National Collection Bureau, Inc.",0.0028285982904518885,18,0.00043193916176501853,0.043193916176501854
"GreenPath, Inc.",0.002823324272344635,1,0.0005313496280552603,0.053134962805526036
TCF FINANCIAL CORPORATION,0.002823324272344635,1,0.0005313496280552603,0.053134962805526036
"Weltman, Weinberg & Reis Co., L.P.A.",0.002822642292149058,26,0.0004619173409734136,0.04619173409734136
"MB FINANCIAL, INC.",0.0028208448701861535,9,0.0005278085163638008,0.052780851636380084
"Navient Solutions, LLC.",0.002805045797539204,20,0.00042621559163289477,0.042621559163289476
NATIONWIDE ACCEPTANCE LLC,0.002803346243349647,2,0.0005292045955606686,0.05292045955606686
"Marlette Funding, LLC",0.0027984878553622855,143,0.0004728981092979623,0.04728981092979623
"OLIPHANT FINANCIAL, LLC",0.0027962050414277627,5,0.00039668296756284677,0.03966829675628468
Federated Law Group,0.002788633971574339,2,0.0005279516257009637,0.05279516257009637
Credit Card Receivables Fund Incorporated,0.0027807913073987526,14,0.00046319571279859685,0.04631957127985969
ERC,0.002773545590694596,11,0.00048316492445933386,0.04831649244593338
"Pinnacle Credit Services, LLC",0.002753723149031578,2,0.0005221536754004483,0.05221536754004483
Meridian Financial Solutions Inc,0.0027517642093226186,3,0.0005243854097569765,0.05243854097569765
"Atlantic Credit & Finance, Inc.",0.002734923150661978,5,0.0005221771139057316,0.05221771139057316
Sezzle Inc.,0.0027114171048432324,140,0.000464040248768291,0.0464040248768291
"GLOBAL CLIENT SOLUTIONS, LLC",0.0026943921576021027,10,0.0004430084899288649,0.04430084899288649
"FIRST MIDWEST BANCORP, INC.",0.002690950733735954,4,0.0005178044529124976,0.05178044529124976
"MERCANTILE ADJUSTMENT BUREAU, LLC",0.0026890341688311867,4,0.0004616156583619932,0.04616156583619932
FRESNO CREDIT BUREAU,0.0026680213100198076,1,0.0005165289256198347,0.05165289256198347
"Castle Credit Co Holdings, LLC, Chicago, IL Branch",0.0026661192327367155,3,0.00044105465366496235,0.04410546536649623
"CarFinance Capital LLC, Irvine, CA Branch",0.002665267223689748,1,0.0005162622612287042,0.05162622612287042
"Malcolm S. Gerald and Associates, Inc.",0.002665267223689748,1,0.0005162622612287042,0.05162622612287042
"First Investors Servicing Corporation, Atlanta, GA Branch",0.002665267223689748,1,0.0005162622612287042,0.05162622612287042
"Account Discovery Systems, LLC",0.002665267223689748,1,0.0005162622612287042,0.05162622612287042
"Orions Management Group, LLC",0.002645559372518252,2,0.0005139280026157855,0.05139280026157855
BOEING EMPLOYEES' CREDIT UNION,0.0026409313221921887,145,0.0004533032793968813,0.04533032793968813
"Plastyc, Inc.",0.0026346788527135015,9,0.0004579978785269577,0.04579978785269577
Comenity Bank,0.0026271535763047558,1,0.0005125576627370579,0.05125576627370579
TRUSTMARK CORPORATION,0.002591928071020879,8,0.0004386325868511853,0.043863258685118534
Innovis,0.0025867176178380503,3,0.0005077149228013238,0.05077149228013238
HANCOCK WHITNEY BANK,0.002564988965917634,18,0.00042781273692735656,0.042781273692735655
"Nationwide Debt Reduction Services, LLC",0.0025353709602666807,1,0.0005035246727089627,0.050352467270896276
CORELOGIC INC,0.002527922580219206,26,0.00040180317563895206,0.04018031756389521
Green Square Company LLC.,0.0025241309117185052,3,0.0003678530572082238,0.03678530572082238
UBS BANK USA,0.002523112318366857,42,0.0004382953189758253,0.04382953189758253
"Love, Beal & Nixon, P.C.",0.0025143305406768453,3,0.00045711822250182134,0.04571182225018213
Paylaterr Inc,0.0025036310687706993,5,0.00044917248631871275,0.04491724863187128
"Cash Express, LLC",0.0024950612483353165,2,0.0004985537360950924,0.04985537360950924
"Paramount Capital Group, Inc.",0.002463020315464426,3,0.0003980920970823301,0.03980920970823301
Midwest Recovery Systems,0.002434127679735813,2,0.0004902225916584588,0.04902225916584588
Bonneville Billing and Collections,0.002431443032262332,1,0.0004930966469428008,0.04930966469428008
Premium Credit Bureau,0.002431443032262332,1,0.0004930966469428008,0.04930966469428008
Ad Astra Recovery Services Inc,0.002431443032262332,1,0.0004930966469428008,0.04930966469428008
FS Card Inc.,0.0024216356243682525,2,0.0004903939151512256,0.049039391515122564
TOYOTA MOTOR CREDIT CORPORATION,0.0024192955371744353,75,0.000389891147538062,0.0389891147538062
AmeriCollect,0.002411156930623845,2,0.0004870103743938902,0.04870103743938902
Equitable Acceptance Corp,0.0024110129663275437,4,0.0004891064757728844,0.04891064757728844
"EVERBANK, NATIONAL ASSOCIATION",0.0023905042721751564,10,0.00042103534459199757,0.04210353445919976
XOOM CORPORATION,0.0023801073633909846,3,0.000464018612604256,0.0464018612604256
Iron Capital Group,0.0023554812824019707,2,0.0004824425851931978,0.04824425851931978
"Hayt Hayt & Landau, P.L. (FL)",0.002348628386600013,6,0.00038924959009944596,0.038924959009944596
MTACC Inc.,0.0023388319175330448,2,0.0004571140864011872,0.04571140864011872
"ARVEST BANK GROUP, INC.",0.0023269133543231436,65,0.0003789154593629755,0.03789154593629755
"Ingo Money, Inc.",0.002318076648901726,11,0.0004139414143837646,0.041394141438376456
Uber Technologies Inc.,0.0023159374856023766,3,0.0004809776842713851,0.04809776842713851
"Collection at Law, Inc. A.P.C.",0.002309811087110174,3,0.0004781424474196033,0.04781424474196033
Amscot Corporation,0.0023018023359639333,10,0.00044011021626125127,0.04401102162612513
FIRST NATIONAL BANK OF PENNSYLVANIA,0.002272502595390802,21,0.00038741923506168497,0.0387419235061685
"Suttell, Hammer & White, P.S",0.0022472677449133587,13,0.000339491990045711,0.0339491990045711
SUNCOAST CREDIT UNION,0.002227279089884117,126,0.0004114720787936743,0.04114720787936743
"Paramount Recovery Systems, L.P.",0.0022082932896150148,1,0.00046992481203007516,0.046992481203007516
"Executive Credit Management, Inc",0.0022082932896150148,1,0.00046992481203007516,0.046992481203007516
"Berndt & Associates, P.C.",0.0022082932896150148,1,0.00046992481203007516,0.046992481203007516
"Credit Services Corporation, LLC",0.0022062192880486237,1,0.0004697040864255519,0.046970408642555195
HOMETOWN EQUITY MORTGAGE,0.0022041482069254338,1,0.00046948356807511736,0.046948356807511735
"H & S Financial, Inc.",0.0022041482069254338,1,0.00046948356807511736,0.046948356807511735
FACTUAL DATA CORP.,0.0022041482069254338,1,0.00046948356807511736,0.046948356807511735
Circle Internet Financial,0.0022041482069254338,1,0.00046948356807511736,0.046948356807511735
Check Fraud Services,0.0022041482069254338,1,0.00046948356807511736,0.046948356807511735
"Capital Credit and Collection Service, Inc.",0.0022041482069254338,1,0.00046948356807511736,0.046948356807511735
Solidus Group LLC.,0.0022041482069254338,1,0.00046948356807511736,0.046948356807511735
"Student Loan Control, LLC",0.0022041482069254338,1,0.00046948356807511736,0.046948356807511735
"Thomas Kerns McKnight, LLP",0.0022041482069254338,1,0.00046948356807511736,0.046948356807511735
"COMMUNITY CHOICE FINANCIAL, INC.",0.002202651334088497,5,0.0004671339032176531,0.04671339032176531
Gatestone & Co. International Inc.,0.002199310272917059,2,0.0003973901818202743,0.03973901818202743
"ECMC GROUP, INC.",0.002196966143155274,2,0.0004687164967116248,0.04687164967116248
"National Recovery Service, Inc.",0.002187684038919774,1,0.0004677268475210477,0.04677268475210477
Credit Solutions,0.002187684038919774,1,0.0004677268475210477,0.04677268475210477
Ditech Financial LLC,0.0021856389966955327,1,0.0004675081813931744,0.04675081813931744
"Credit Protection Association, L.P.",0.0021856389966955327,1,0.0004675081813931744,0.04675081813931744
Dream Center Education Holdings,0.0021856389966955327,1,0.0004675081813931744,0.04675081813931744
"M.A.R.S., Inc.",0.0021856389966955327,1,0.0004675081813931744,0.04675081813931744
"Law Offices of Robert J. Colclough, III",0.0021771314632738395,2,0.00045735805748726944,0.045735805748726946
Integrity Group Inc,0.0021673619563822738,1,0.0004655493482309125,0.04655493482309125
"STONELEIGH RECOVERY ASSOCIATES, LLC",0.0021673619563822738,1,0.0004655493482309125,0.04655493482309125
"RSI Enterprises, Inc.",0.0021673619563822738,1,0.0004655493482309125,0.04655493482309125
"Capital Management Services, LP",0.0021660203795917645,18,0.0003891684797425246,0.03891684797425246
"Estate Information Services, LLC",0.002163331530557058,1,0.00046511627906976747,0.046511627906976744
B-Focused Mobile LLC,0.0021573069388267575,1,0.00046446818392940084,0.046446818392940084
"CARMEL FINANCIAL CORPORATION, INC.",0.0021573069388267575,1,0.00046446818392940084,0.046446818392940084
CREDIT ACCEPTANCE CORPORATION,0.002147189080661326,44,0.0003894106355509182,0.03894106355509182
"Rausch, Sturm, Israel, Enerson & Hornik, LLP",0.0021433470507544582,1,0.000462962962962963,0.0462962962962963
CENTERSTATE BANK CORPORATION,0.0021366674332361658,2,0.0004622320026492613,0.04622320026492613
CARDPLATFORMS LLC,0.0021223968262527684,2,0.00046066893118017823,0.04606689311801782
"Foris DAX, Inc.",0.0021133426317984003,88,0.00035571125169945407,0.03557112516994541
A & E Futures LLC,0.002110003335915274,1,0.00045934772622875517,0.045934772622875514
"The Outsource Group, Inc",0.002110003335915274,1,0.00045934772622875517,0.045934772622875514
"Service Finance Holdings, LLC",0.002110003335915274,1,0.00045934772622875517,0.045934772622875514
"WAKEFIELD & ASSOCIATES, INC.",0.002106896385145462,2,0.0004588764230325029,0.04588764230325029
"Community Loan Servicing, LLC (formerly known as Bayview Loan Servicing, LLC)",0.00210012827396163,2,0.0004505802556261272,0.04505802556261272
PAY-O-MATIC,0.0020859007760194127,5,0.0003768495293164329,0.03768495293164329
"Lustig, Glaser & Wilson, P.C.",0.002077431696123263,1,0.00045578851412944393,0.04557885141294439
AMRON PROFESSIONAL SERVICES,0.002077431696123263,1,0.00045578851412944393,0.04557885141294439
"Law Office of Michael J. Scott, PC",0.002063338806701481,9,0.0003884104669331755,0.03884104669331755
"Rubin & Rothman, LLC",0.0020589036586054986,8,0.0003926839530121692,0.03926839530121692
"GOLDEN 1 CREDIT UNION, THE",0.0020486612795613643,98,0.00038266285126131597,0.038266285126131595
Signature Bank (NY),0.0020449670777732726,2,0.0004421395751282969,0.044213957512829694
VYSTAR CREDIT UNION,0.0020355980178349167,110,0.00037637619275544126,0.037637619275544126
"WHEELS FINANCIAL GROUP, LLC.",0.0020352973726049874,3,0.0004385118038402198,0.04385118038402198
"United Debt Counselors, LLC",0.00201994697639187,1,0.00044943820224719103,0.0449438202247191
"Precise Financial Group, LLC",0.00201994697639187,1,0.00044943820224719103,0.0449438202247191
"Seed Consulting, LLC",0.0020199469384845187,4,0.000442268970917876,0.0442268970917876
STATE EMPLOYEES’ CREDIT UNION,0.002018870608043271,106,0.0003946996270086701,0.039469962700867015
"CCB Credit Serivces, Inc",0.002007296925784612,1,0.00044802867383512545,0.044802867383512544
"Finkelstein, Kern, Steinberg & Cunningham, PC",0.0020054994806759092,1,0.0004478280340349306,0.044782803403493054
"Hameroff Law Group, P.C.",0.0020054994806759092,1,0.0004478280340349306,0.044782803403493054
"CULLEN/FROST BANKERS, INC.",0.0019915605975187644,7,0.00031210493142566626,0.031210493142566624
"Persolve, LLC - Legal - Series 2",0.0019855413625648115,3,0.0004238431843502667,0.04238431843502667
NEW YORK COMMUNITY BANCORP INC,0.001968312679778047,81,0.00033761762104643847,0.03376176210464385
"Alliance One, Inc.",0.0019638050344439107,5,0.0003855584298004182,0.038555842980041825
Zip Co US Inc.,0.0019599835446209527,94,0.0003666934601833613,0.03666934601833613
"Ignite Revenue, Inc.",0.0019412814881832488,3,0.000434553470952263,0.0434553470952263
"Moss Law Firm, P.C.",0.0019297268667004682,2,0.0003889642665866925,0.03889642665866925
Blackrock Mitigation Group LLC,0.0019236688211757464,1,0.0004385964912280702,0.043859649122807015
"SKO Brenner American, Inc.",0.0019236688211757464,1,0.0004385964912280702,0.043859649122807015
"Vital Solutions, Inc.",0.0019236688211757464,1,0.0004385964912280702,0.043859649122807015
United Student Aid (USA) Funds,0.0019236688211757464,1,0.0004385964912280702,0.043859649122807015
"PLS GROUP, INC",0.0018999141362980156,44,0.0003880016680776759,0.038800166807767586
"Ballybunion Enterprises, Inc",0.0018944369344861608,4,0.00040578511789720456,0.04057851178972045
Kohn Law Firm S.C.,0.001893251972668875,2,0.0003730453279221068,0.03730453279221068
TRANSWORLD SYSTEMS INC,0.0018889533530509308,53,0.0003545786472398958,0.03545786472398958
EAST WEST BANK,0.0018861462576164143,10,0.0003572559759378476,0.035725597593784755
"Hertzmark, Crean & Lahey, LLP.",0.001874027848053822,1,0.0004329004329004329,0.04329004329004329
"PMAB,LLC",0.001874027848053822,1,0.0004329004329004329,0.04329004329004329
"Happy Money, Inc.",0.001874027848053822,1,0.0004329004329004329,0.04329004329004329
Secure One Capital Corporation,0.001874027848053822,1,0.0004329004329004329,0.04329004329004329
Advanced Resolution Services Inc.,0.001874027848053822,1,0.0004329004329004329,0.04329004329004329
"SOUTHSTATE BANK, N.A. - 520 GERVAIS STREET BRANCH",0.001874027848053822,1,0.0004329004329004329,0.04329004329004329
WAFD BANK,0.001873990293390707,9,0.00036581966814012605,0.03658196681401261
Diverse Funding Associates LLC,0.0018656335006753224,7,0.00034805929767007377,0.034805929767007374
"Applied Business Services, Inc.",0.0018640573293055693,7,0.0004214607189560702,0.04214607189560702
United National Services,0.0018574277343724414,7,0.0004278404841163869,0.042784048411638693
FIRST TECHNOLOGY FEDERAL CREDIT UNION,0.0018344447390682976,85,0.0003559536621539454,0.03559536621539454
World Acceptance Corporation,0.0018321769691586611,9,0.00036152104023030065,0.03615210402303007
"ACIMA CREDIT, LLC",0.001823911848292878,116,0.00038344345452516243,0.03834434545251624
Montgomery County Credit Bureau,0.0018226361384793394,2,0.00042449993444566684,0.04244999344456669
RANDOLPH-BROOKS FEDERAL CREDIT UNION,0.0018188015008567863,82,0.00036944280074065883,0.03694428007406588
"KILOWATT FINANCIAL, LLC, A SPRUCE FINANCE COMPANY",0.0018113089920195982,2,0.00042329161912721646,0.042329161912721645
"Data Search NY, Inc.",0.0018080528646605982,3,0.00037397536523414623,0.037397536523414626
NCB Management Services Inc.,0.0018019898485583173,10,0.0003321454224584938,0.03321454224584938
"PMGI, LLC",0.001800034524662183,1,0.00042426813746287653,0.04242681374628765
RMA Credit Association,0.001800034524662183,1,0.00042426813746287653,0.04242681374628765
Unifirst Mortgage Corporation,0.001800034524662183,1,0.00042426813746287653,0.04242681374628765
"O&L LAW GROUP, P.L.",0.001800034524662183,1,0.00042426813746287653,0.04242681374628765
"Commercial Trade, Inc.",0.001800034524662183,1,0.00042426813746287653,0.04242681374628765
"OPTUM BANK, INC.",0.0017964707934927295,95,0.0003606834397042162,0.03606834397042162
"Rowland Avenue Management, Inc. A/KA Columbia Debt Recovery, LLC d/b/a Genesis",0.0017854350329261975,19,0.0003189719130225875,0.03189719130225875
"Avantus, LLC",0.0017833500730460193,1,0.0004222972972972973,0.04222972972972973
WorldRemit Corp.,0.0017833500730460193,1,0.0004222972972972973,0.04222972972972973
"BANKUNITED, NATIONAL ASSOCIATION",0.0017833500730460193,1,0.0004222972972972973,0.04222972972972973
"Flagstar Bank, N.A.",0.0017824573336773903,8,0.000403888535358602,0.0403888535358602
AFNI INC.,0.0017779780205842103,3,0.00037279687802436925,0.03727968780243693
"Jim Bottin Enterprises, Inc",0.0017713996090077462,21,0.00032971392882786573,0.032971392882786575
"Fidelity National Information Services, Inc. (FNIS)",0.0017587564676678584,40,0.00036746485477792326,0.03674648547779233
"Crown Asset Management, LLC, Duluth, GA Branch",0.0017509095415397262,16,0.0003336490455698045,0.03336490455698045
The Moore Law Group,0.0017484783543646664,3,0.00039763564038285706,0.03976356403828571
"Healthcare Financial Services, LLC",0.0017346652555743037,1,0.00041649312786339027,0.04164931278633903
"Select Financial Services, Inc.",0.0017346652555743037,1,0.00041649312786339027,0.04164931278633903
Kashia Services,0.0017346652555743037,1,0.00041649312786339027,0.04164931278633903
Marine One Acceptance Corporation,0.0017346652555743037,1,0.00041649312786339027,0.04164931278633903
Phoenix Financial Services LLC,0.0017346652555743037,1,0.00041649312786339027,0.04164931278633903
"APPLE FINANCIAL HOLDINGS, INC.",0.0017284397482923073,5,0.0003867137208346526,0.03867137208346526
Cooling & Winter LLC,0.0017073971497123764,3,0.00039136041973083564,0.03913604197308356
"Trident Asset Management, L.L.C.",0.001703192199075003,7,0.0002905428889813613,0.029054288898136132
Messerli & Kramer P.A.,0.001698378670228587,5,0.0003776173935520088,0.03776173935520088
"Equidata, Inc.",0.0016893350084779277,1,0.0004110152075626798,0.04110152075626798
ADIR INTERNATIONAL LLC,0.0016852593806922385,56,0.0003352985281163877,0.03352985281163877
"Westlake Services, LLC",0.0016647388832327853,53,0.00035192176883779166,0.035192176883779167
"General Motors Financial Company, Inc.",0.0016592467527981108,45,0.00034537696642235083,0.034537696642235084
"Monarch Recovery Holdings, Inc.",0.0016500122150088672,8,0.0003201266665778327,0.03201266665778327
FIRST ADVANTAGE CORPORATION,0.0016401892681030855,6,0.00035262797643567884,0.035262797643567885
FREEDOM FINANCIAL NETWORK,0.0016288777315008876,12,0.00035454702524445706,0.03545470252444571
"All State Credit Bureau, Inc.",0.0016228677920592815,2,0.0003492114790114026,0.03492114790114026
Global Credit Union,0.0016210631606944535,7,0.0003598971670606235,0.03598971670606235
Harley Davidson Financial Services Inc,0.001616089167693801,5,0.00039565409831609187,0.03956540983160919
HEARTLAND PAYMENT SYSTEMS INC,0.001612603247678106,72,0.00035995489256924573,0.03599548925692457
"Praxell, Inc.",0.0016074024986748798,2,0.0003995333361865767,0.039953333618657674
"Rubin & Debski, P.A.",0.0016018189854034523,2,0.00033609119173545646,0.03360911917354564
American Recovery Service Incorporated,0.0015961043184660843,3,0.00035853182157601673,0.03585318215760167
CNG HOLDINGS INC,0.001585806448747863,9,0.00038200083329733946,0.038200083329733944
Western-Shamrock Corporation,0.0015820700418936063,2,0.0003907359313729097,0.03907359313729097
New Start Capital,0.0015722073980533556,1,0.0003965107057890563,0.03965107057890563
Enterprise Acquisitions,0.0015672320613051031,1,0.000395882818685669,0.0395882818685669
GREATER SUBURBAN ACCEPTANCE CORPORATION,0.0015672320613051031,1,0.000395882818685669,0.0395882818685669
"Collections Acquisition Company, Inc.",0.0015672320613051031,1,0.000395882818685669,0.0395882818685669
"Phillips & Cohen Associates, Ltd.",0.0015519176871526086,16,0.0003090356441340975,0.03090356441340975
LOBEL FINANCIAL CORPORATION,0.001535650221379436,3,0.0003230460395585546,0.03230460395585546
SCHOOLSFIRST FEDERAL CREDIT UNION,0.0015295639790381468,43,0.0003179253781949156,0.03179253781949156
"CFS Holdings, Inc",0.0015294614812008534,1,0.00039108330074305825,0.03910833007430582
Insta Financial,0.0015294614812008534,1,0.00039108330074305825,0.03910833007430582
"INDUSTRIAL AND COMMERCIAL BANK OF CHINA (USA), NATIONAL ASSOCIATION",0.0015121837479268446,5,0.00037348543042108734,0.03734854304210873
World Omni Financial Corp.,0.0015031939036047957,8,0.00032964444419122805,0.0329644444191228
"Diversified Adjustment Service, Inc.",0.00149808556270312,6,0.0002524649106854045,0.02524649106854045
Essential Lending Inc,0.0014965075255622192,1,0.00038684719535783365,0.03868471953578336
Nicholas Financial Inc.,0.0014965075255622192,1,0.00038684719535783365,0.03868471953578336
American Coradius International LLC,0.0014958526542452456,4,0.0003309918808986532,0.033099188089865325
"ENOVA INTERNATIONAL, INC.",0.0014822892987007858,57,0.00031955900555740704,0.031955900555740706
Penn Credit Corporation,0.0014782285132895528,3,0.00032549978843808883,0.032549978843808884
"American First Finance, Inc.",0.001478101287545351,38,0.0003166780905056168,0.031667809050561685
AMERICA FIRST FEDERAL CREDIT UNION,0.0014777953301077509,78,0.0003260128609093722,0.03260128609093722
WESTERN ALLIANCE BANCORPORATION,0.0014757072858291936,4,0.0003581994298219407,0.03581994298219407
"First Federal Credit Control, Inc.",0.0014666000509150428,2,0.00032186584120821063,0.032186584120821066
"Snap US Holdings, LLC",0.0014598262400073515,16,0.00031662268696622053,0.03166226869662205
"Go Capital Holdings, LLC",0.001456124301856189,3,0.00037971161446118985,0.037971161446118985
"Blitt and Gaines, P.C.",0.0014533414912419776,17,0.00031705110312120065,0.03170511031212007
FULTON FINANCIAL CORPORATION,0.001448957152177075,20,0.00034345768216140064,0.03434576821614006
"Admin Recovery, LLC",0.0014471215583442155,3,0.0003321705344102163,0.03321705344102163
"Caliber Home Loans, Inc.",0.0014400672281519936,3,0.00037634221434862245,0.037634221434862246
"The CBE Group, Inc.",0.0014391603720769852,8,0.0002751103961285472,0.02751103961285472
"Valor Intelligent Processing, LLC",0.0014369789873436639,1,0.0003790750568612585,0.03790750568612585
"Selip & Stylianou, LLP",0.0014358557460034547,4,0.0003240147117899983,0.03240147117899983
"AXOS FINANCIAL, INC.",0.0014272665262573868,27,0.00031650710108200827,0.03165071010820083
ZWICKER & ASSOCIATES,0.0014192553282013558,23,0.0003157476690101591,0.031574766901015905
"3rd Generation, Inc.",0.0014166978330128334,2,0.0003731706836454082,0.03731706836454082
"LD Holdings Group, LLC",0.001411040051882789,5,0.00035700645952981567,0.035700645952981565
DriveTime,0.001400171715293393,2,0.00036481974384518874,0.036481974384518875
"FMA Alliance, Ltd.",0.0013972200050389244,3,0.0002998541703998126,0.029985417039981258
Oklahoma Student Loan Authority,0.0013933318759081913,1,0.0003732736095558044,0.03732736095558044
"AC AutoPay LLC, Denver, CO Branch",0.0013933318759081913,1,0.0003732736095558044,0.03732736095558044
"Skrill USA, Inc.",0.0013928802783192084,67,0.00031842202323661257,0.03184220232366126
Mercedes Benz Financial Services,0.0013870677978754283,32,0.00031793309707367,0.031793309707367004
"HOME BANCSHARES, INC.",0.001384960727317769,5,0.0003588276472449405,0.03588276472449405
"AR Resources, Inc.",0.0013843884952105345,2,0.00030900100547445996,0.030900100547445995
"Aqua Finance, Inc.",0.0013679271904599238,35,0.00030287813881900265,0.030287813881900265
Credit Wise Recovery Solution LLC,0.0013637332635137282,3,0.00036744135022689944,0.036744135022689944
"GCFS, INC.",0.0013566692617432868,4,0.0003139878054681162,0.03139878054681162
"The Bureaus, Inc.",0.0013563607119356036,21,0.000320311172665131,0.0320311172665131
"Ava Finance, Inc",0.001352968332797135,79,0.00033359112156357333,0.03335911215635733
"CHARLES SCHWAB CORPORATION, THE",0.001349947422984132,33,0.00030836143978642304,0.030836143978642302
Groundfloor Finance Inc.,0.001346687989226496,1,0.0003669724770642202,0.03669724770642202
"Ria Envia, LLC",0.001346687989226496,1,0.0003669724770642202,0.03669724770642202
Abra,0.001346687989226496,1,0.0003669724770642202,0.03669724770642202
American Mortgage Service Company,0.001346687989226496,1,0.0003669724770642202,0.03669724770642202
MS SERVICES LLC,0.0013319835899621715,1,0.000364963503649635,0.0364963503649635
"Muskegon Car Credit, Inc.",0.0013319835899621715,1,0.000364963503649635,0.0364963503649635
"Firstsource Business Process Services, LLC",0.0013224232424739963,24,0.0002846026705956507,0.02846026705956507
"John C. Heath, Attorney at Law, PLLC",0.00130928958386574,17,0.00031691296678001306,0.03169129667800131
"American Credit Acceptance, LLC",0.0013066963774217462,15,0.0003072481651049999,0.03072481651049999
"Advantage Credit, Inc.",0.001305299695686219,4,0.0002836760337135145,0.02836760337135145
Open Assets LLC,0.0013024233715973063,2,0.00036067091546359664,0.03606709154635966
"LAKEVIEW LOAN SERVICING, LLC",0.0012881982889240966,2,0.0003519540555762747,0.035195405557627464
"GMA Investments, LLC",0.0012849582465379052,2,0.00030538569697104737,0.030538569697104737
"CALM, Inc.",0.0012828301902283233,1,0.00035816618911174784,0.03581661891117478
Point Up Inc,0.0012761603526379394,2,0.0003570973496432212,0.035709734964322115
Bridgecrest Acceptance Corporation,0.001268120689866013,21,0.0003168074889138287,0.03168074889138287
"Early Warning Services, LLC",0.0012633762459790165,33,0.0002932425049448381,0.02932425049448381
"Perpay, Inc.",0.0012604115146609767,57,0.0002980696323949112,0.02980696323949112
SIMMONS FIRST NATIONAL CORPORATION,0.001247560607668831,34,0.00030469558286297274,0.030469558286297275
HCFS Healthcare Financial Services of TeamHealth,0.0012385760921719302,3,0.00033959190052294325,0.03395919005229432
"BMW Financial Services NA, LLC",0.0012314945399528106,27,0.0003172306385054724,0.03172306385054724
"Cedars Business Services, LLC",0.0012280348584368347,6,0.00029399835487967145,0.029399835487967145
"Choice Recovery, Inc.",0.001225980588313757,1,0.00035014005602240897,0.0350140056022409
VALLEY NATIONAL BANCORP,0.001218488134170898,11,0.00032846853935894124,0.03284685393589412
Great American Finance Co,0.0012171807567677882,26,0.0002946594510996752,0.02946594510996752
Credit Corp Solutions Inc.,0.001213094649021435,32,0.0002892049207167599,0.028920492071675987
eCon Credit LP,0.0012115148672864214,1,0.0003480682213713888,0.034806822137138885
"Vantage Sourcing, LLC",0.0012115148672864214,1,0.0003480682213713888,0.034806822137138885
AIH Receivables Management Inc.,0.0012115148672864214,1,0.0003480682213713888,0.034806822137138885
Schreiber Law LLC,0.0012115148672864214,1,0.0003480682213713888,0.034806822137138885
"Hood & Stacy, P.A.",0.0012115148672864214,1,0.0003480682213713888,0.034806822137138885
Arapahoe Motors,0.0012115148672864214,1,0.0003480682213713888,0.034806822137138885
GABA LAW CORPORATION,0.0012115148672864214,1,0.0003480682213713888,0.034806822137138885
"Action Collection Agencies, Inc.",0.0012115148672864214,1,0.0003480682213713888,0.034806822137138885
Armed Forces Loans of Nevada Inc.,0.0012056327160493826,1,0.00034722222222222224,0.034722222222222224
STERLING BANCORP,0.0012056327160493826,1,0.00034722222222222224,0.034722222222222224
BAM Management US Holdings Inc.,0.0012056327160493826,1,0.00034722222222222224,0.034722222222222224
"New Southern Loans, Inc",0.0012056327160493826,1,0.00034722222222222224,0.034722222222222224
"Halsted Financial Services, LLC.",0.0011989401902791573,28,0.0002875256402054588,0.02875256402054588
"Afterpay US Services, LLC",0.0011960643716422397,3,0.000344600118038077,0.0344600118038077
Pacific Credit Exchange Corporation,0.0011910145914709094,2,0.0003445037868215771,0.03445037868215771
"Duvera Billing Services, LLC",0.0011849186565981106,13,0.0002874132100908535,0.02874132100908535
Radius Global Solutions LLC,0.0011786333144763995,37,0.00030944175121915126,0.030944175121915128
PREFERRED CREDIT INC,0.0011721409775275506,19,0.00027892854449810444,0.027892854449810444
"Complete Credit Solutions, Inc.",0.001169527466847121,2,0.00029213793488867964,0.029213793488867965
"SELECT PORTFOLIO SERVICING, INC.",0.0011672258464703181,6,0.0003146900715404476,0.03146900715404476
"Client Services, Inc.",0.001164669903483619,12,0.0002935631047256599,0.02935631047256599
"Stenger & Stenger, P.C",0.0011642561185787577,11,0.00028918982071334453,0.028918982071334455
"DSW Carolina, LLC d/b/a Resource Services",0.001154567891998025,1,0.0003397893306150187,0.03397893306150187
"Concorde Auto Management, LLC  DBA  Concorde Auto Acceptance",0.001154567891998025,1,0.0003397893306150187,0.03397893306150187
Home Credit Corp. Inc.,0.001154567891998025,1,0.0003397893306150187,0.03397893306150187
"College Foundation, Inc.",0.001154567891998025,1,0.0003397893306150187,0.03397893306150187
Revolut Technologies Inc.,0.0011332161950058054,66,0.0002961381886616951,0.029613818866169508
Patenaude & Felix A Professional Corporation,0.0011262822343452337,7,0.00026578911959872844,0.026578911959872845
"Americor Funding, LLC",0.0011249394367755638,7,0.00031539228054235324,0.03153922805423533
HYUNDAI CAPITAL AMERICA,0.0011233609357688475,23,0.00029047706169956736,0.029047706169956736
"Paradigm Assets, LLC",0.001122915642373397,2,0.00031867553036907877,0.03186755303690788
"Glasser and Glasser, PLC",0.0011188176562778364,11,0.00028163779283829697,0.028163779283829696
INTERCONTINENTAL CAPITAL GROUP,0.001102306742488836,2,0.0003319167003042689,0.03319167003042689
MOUNTAIN AMERICA FEDERAL CREDIT UNION,0.0010966420778547577,73,0.00029812660705823643,0.029812660705823644
"BANKMOBILE TECHNOLOGIES, INC",0.0010908400060132691,11,0.00031203286568459227,0.031203286568459228
"Uplift, Inc",0.0010852620937668285,6,0.00031494279615059903,0.031494279615059906
Mullooly Jeffrey Rooney & Flynn,0.0010829869394717267,2,0.00028725326201366495,0.028725326201366495
AMERISAVE MORTGAGE CORPORATION,0.0010817804935426645,3,0.00029952708840076794,0.029952708840076794
"Lyons, Doughty & Veldhuis, PC",0.0010808660149729328,4,0.00026745444786602674,0.026745444786602676
"Andreu, Palma & Andreu, PL",0.001079745780649984,4,0.0002698963773526883,0.026989637735268832
DFC Global Corp.,0.0010787789587820172,3,0.0003119243871700837,0.03119243871700837
"Loan South Finance & Tax Service of Troy, LLC",0.00107006244563414,1,0.00032711808963035657,0.03271180896303566
"Global Portfolio Recovery, LLC",0.00107006244563414,1,0.00032711808963035657,0.03271180896303566
Revolution Financial Inc.,0.0010679653124866502,1,0.000326797385620915,0.0326797385620915
"Allied Collection Services, Inc. (Nevada)",0.0010679653124866502,1,0.000326797385620915,0.0326797385620915
Law Offices of Goldsmith & Hull A.P.C.,0.0010679653124866502,1,0.000326797385620915,0.0326797385620915
"Applied Data Finance, LLC",0.0010656508943987996,3,0.00025968871451345415,0.025968871451345417
"UNITED BANKSHARES, INC.",0.0010635070688375422,5,0.0002988224018759134,0.029882240187591343
RENASANT CORPORATION,0.0010617227736290909,4,0.0003013725961353095,0.03013725961353095
"Financial Recovery Services, Inc.",0.0010607716615423258,6,0.0002865666089710434,0.02865666089710434
"Tenaglia & Hunt, PA",0.0010596578665201272,3,0.00029530659434531256,0.029530659434531255
FORD MOTOR CREDIT CO.,0.0010505846488532483,34,0.0002883379138234271,0.028833791382342707
"Rushmore Service Center, LLC",0.0010500455929796473,1,0.0003240440699935191,0.03240440699935191
"FactorTrust, Inc.",0.0010434737008158256,2,0.0003183197123365011,0.031831971233650114
Financial Business and Consumer Solutions.,0.001036402753990543,5,0.0002806585663087544,0.02806585663087544
"ARS National Services, Inc.",0.0010304130077198601,13,0.0002710012618750147,0.02710012618750147
Vision Financial Corp.,0.0010292630815992567,1,0.0003208213025344883,0.03208213025344883
"Tribal Lending Enterprise, Inc.",0.0010292630815992567,1,0.0003208213025344883,0.03208213025344883
Stilt Inc,0.0010292630815992567,1,0.0003208213025344883,0.03208213025344883
BUSEY BANK,0.0010292630815992567,1,0.0003208213025344883,0.03208213025344883
"JNR Adjustment Company, Inc",0.0010292630815992567,1,0.0003208213025344883,0.03208213025344883
"Home Loan Center, Inc.",0.0010262393930783756,5,0.000282218544083736,0.0282218544083736
"Empire Financial Services, Inc.",0.0010240000000000002,1,0.00032,0.032
"Universal Account Servicing, LLC",0.0010178219301463464,9,0.00028194602112560847,0.028194602112560845
"Eagle Accounts Group, Inc.",0.0010092531240176144,2,0.0003176789656259855,0.03176789656259855
"Exeter Finance, LLC.",0.0010008985669519154,28,0.00025878841654430526,0.025878841654430527
UNITED AUTO ACCEPTANCE,0.0010008085532301546,1,0.00031635558367605187,0.03163555836760519
"Orion Portfolio Services, LLC",0.0010008085532301546,1,0.00031635558367605187,0.03163555836760519
TFC Credit Corporation of California,0.0010008085532301546,1,0.00031635558367605187,0.03163555836760519
UnBanked,0.0009959338934397279,5,0.0003127315495545024,0.03127315495545024
"Kimball, Tirey & St. John LLP",0.0009944038660559473,3,0.0002918892034676464,0.02918892034676464
"INDEPENDENT BANK GROUP, INC.",0.0009918334540784167,3,0.0003105284465412856,0.031052844654128556
SECURITY FINANCE CORP,0.0009876863969945737,14,0.000267268186228184,0.0267268186228184
C/C Financial,0.0009692539927378306,2,0.00027097144223108525,0.027097144223108525
LEXISNEXIS,0.000969188674757611,35,0.0002597401019062598,0.02597401019062598
MIDFIRST BANK,0.0009675363042772935,19,0.0002727428636125081,0.02727428636125081
"Northstar Location Services, LLC",0.0009659772320006926,8,0.0002557781370656828,0.02557781370656828
"FAIR COLLECTIONS & OUTSOURCING, INC.",0.0009625559517146769,6,0.0002687677717163222,0.02687677717163222
AMERICAN HONDA FINANCE CORP,0.0009604982327014471,27,0.00026919588050181633,0.026919588050181634
"Upstart Holdings, Inc.",0.0009522050240808009,40,0.0002701664254729173,0.027016642547291726
TransferWise Ltd,0.0009518220814556364,31,0.0002823390338279044,0.02823390338279044
Yamaha Motor Finance Corporation USA,0.0009466292145595392,32,0.00027583154098031836,0.027583154098031835
"TDF Financial Services, Inc.",0.0009455814115336725,1,0.0003075030750307503,0.03075030750307503
FUTURE FINANCE COMPANY,0.0009455814115336725,1,0.0003075030750307503,0.03075030750307503
Plastiq Inc.,0.000941975534656561,4,0.00028864897530246267,0.028864897530246268
Regional Management Corporation,0.0009412702321915267,10,0.0002617204213142664,0.02617204213142664
BANKERS HEALTHCARE GROUP LLC,0.000941246618673237,29,0.00025875900818256607,0.02587590081825661
"ACI Worldwide, Corp.",0.0009408506001502857,3,0.00026675002329534504,0.026675002329534504
"FIDELITY CAPITAL HOLDINGS, INC",0.000938287000825953,6,0.00026956784818578036,0.026956784818578036
"TRANSCARD, LLC",0.0009379485529036912,17,0.00027616701371780783,0.027616701371780784
"Opportunity Financial, LLC",0.0009318676301615003,22,0.00026617488289547417,0.026617488289547415
"CUSTOMERS BANCORP, INC",0.0009302289185576685,10,0.00029361334296943776,0.029361334296943774
Alorica Inc.,0.0009299847293940806,18,0.0002694885864535215,0.02694885864535215
NISSAN MOTOR ACCEPTANCE COMPANY LLC,0.0009277653639738413,18,0.0002754974906721136,0.02754974906721136
"Gurstel Law Firm, P.C.",0.000914351507751553,7,0.0002685599937024654,0.02685599937024654
Retail Merchants Associates,0.0009131724347619251,2,0.0003015738359086897,0.030157383590868968
"Bristlecone, Inc.",0.0009104504515740559,2,0.0003016805315982154,0.030168053159821538
CONGRESS COLLECTION CORP,0.0009018027036045053,1,0.0003003003003003003,0.03003003003003003
"Jenkins, Wagnon & Young, P.C.",0.0009018027036045053,1,0.0003003003003003003,0.03003003003003003
"Constar Financial Services, LLC",0.0009018027036045053,1,0.0003003003003003003,0.03003003003003003
Mr. Cooper Group Inc.,0.0009014130760505512,16,0.00028254713711043663,0.028254713711043662
OKX INC.,0.0008985704462679525,2,0.000299761161520587,0.0299761161520587
"BCI FINANCIAL GROUP, INC.",0.0008953381889313996,1,0.0002992220227408737,0.029922202274087373
Siggi LLC,0.0008953381889313996,1,0.0002992220227408737,0.029922202274087373
Opportunity Fund,0.0008891592557314161,2,0.00029666095293838925,0.029666095293838925
DigniFi,0.0008888728491150309,31,0.0002574117363183565,0.025741173631835652
Bank of Baroda - New York Branch,0.0008872062790876049,3,0.0002896784400983385,0.02896784400983385
"DailyPay, Inc",0.0008849079665283367,46,0.0002572010532396734,0.02572010532396734
Fidem Baltimore Holdings LLC,0.0008766534365102156,42,0.00023322346925227716,0.023322346925227715
Specialized Loan Servicing Holdings LLC,0.0008764089865323897,3,0.00028545195033343986,0.028545195033343986
Central Portfolio Control Inc.,0.0008753880983230494,6,0.0002395224492321734,0.02395224492321734
"Charlottesville Bureau of Credits, Inc",0.0008753194916144393,1,0.0002958579881656805,0.02958579881656805
MISSION FINANCIAL SERVICES CORPORATION,0.0008753194916144393,1,0.0002958579881656805,0.02958579881656805
"DIME COMMUNITY BANCSHARES, INC.",0.0008753194916144393,1,0.0002958579881656805,0.02958579881656805
"Data and Contact Management Solutions, LLC",0.0008688929884628344,5,0.0002338162109341019,0.023381621093410188
"Ability Recovery Services, LLC",0.000867334289723789,5,0.000247032884661271,0.0247032884661271
"Spring Oaks Capital, LLC",0.0008631532113401275,62,0.0002559378945105321,0.025593789451053207
Velocity Portfolio Group,0.0008432163748312756,42,0.0002555058948462912,0.02555058948462912
Servatus Corporation,0.000840883391787033,2,0.0002614785861095688,0.026147858610956882
"MARINER FINANCE, LLC",0.0008398196043910985,19,0.0002585567249280954,0.025855672492809543
"Brock & Scott, PLLC",0.00083521699387456,3,0.00023808955055248409,0.02380895505524841
"Webcollex, LLC",0.0008350142883206882,4,0.0002880030872389659,0.02880030872389659
"CHECKredi of Kentucky, LLC",0.0008336146439955655,3,0.0002884818696134231,0.02884818696134231
"Choice Money Transfer, Inc.",0.0008321016511775087,2,0.00027258103539597325,0.027258103539597324
"National Credit Adjusters, LLC",0.0008308400919583587,26,0.0002464936154790139,0.024649361547901392
RC Willey,0.0008251230824449438,14,0.00024356598592263732,0.02435659859226373
Meta Payments Inc.,0.000824044413933394,46,0.00026526222927239116,0.026526222927239117
"Allied International Credit Corp., (US)",0.0008226138473505619,2,0.000274266799105655,0.027426679910565504
"McCarthy, Burgess & Wolff, Inc.",0.0008195984686285662,2,0.0002854344450739741,0.02854344450739741
T.S. Holdings,0.0008067311846323264,2,0.0002608207810390298,0.02608207810390298
FLORIDA HOME TRUST MORTGAGE,0.0007999487242589514,5,0.00024063986804228853,0.024063986804228853
"RAS LaVrar, LLC",0.0007975228451157155,6,0.00024837288581232585,0.024837288581232585
"RS Clark and Associates, Inc.",0.0007970817879245935,1,0.000282326369282891,0.0282326369282891
"Omega RMS, LLC",0.0007970817879245935,1,0.000282326369282891,0.0282326369282891
"MovoCash, Inc.",0.0007970817879245935,1,0.000282326369282891,0.0282326369282891
"ShoulderTap Technologies, Inc. d/b/a Fizz",0.0007945755368706296,26,0.0002588858743141761,0.02588858743141761
BANNER CORPORATION,0.0007941051962022501,6,0.00025112592434474294,0.025112592434474293
"Advantage One Credit, LLC",0.0007930465048021741,1,0.000281610813855252,0.028161081385525203
"Lewis, McDonnell & Associates",0.0007930465048021741,1,0.000281610813855252,0.028161081385525203
"Integrity Funding Ohio, LLC",0.0007930465048021741,1,0.000281610813855252,0.028161081385525203
"Ascension Point Recovery Services, LLC",0.000791550522061974,5,0.00023806664391210503,0.023806664391210503
"CarMax, Inc.",0.0007902408390751707,20,0.00025334737919019716,0.025334737919019718
STATE BANK OF INDIA - NEW YORK BRANCH,0.0007837684306521046,5,0.0002724360274179922,0.02724360274179922
"Mandarich Law Group, LLP",0.0007830525184341533,5,0.0002139471111911078,0.02139471111911078
FC HoldCo LLC,0.000782720079533627,13,0.00026463937335491117,0.026463937335491117
"PROSPERITY BANCSHARES, INC.",0.0007804118110332655,10,0.00022871525112344322,0.02287152511234432
PROPEL FINANCIAL SERVICES LLC,0.0007798665427214786,4,0.00027203128193469716,0.027203128193469716
United PanAm Financial Corp.,0.0007766540713735466,5,0.00025034696555425556,0.025034696555425555
"RFNA, LP",0.0007698625480669276,2,0.0002650020816832186,0.026500208168321857
"Payactiv, Inc.",0.0007695347394973598,49,0.00024482815457577747,0.024482815457577748
MECHANICS BANK,0.0007662227143226072,6,0.0002564875763568129,0.025648757635681287
Monterey Financial Services LLC,0.0007648434573301484,21,0.00023483286110817218,0.02348328611081722
WSFS FINANCIAL CORPORATION,0.000764191283829101,17,0.00024172565210977542,0.02417256521097754
SinglePoint GI,0.0007516391605881763,2,0.00027416038382453733,0.027416038382453732
"Veros Credit, LLC",0.000751605776451109,5,0.00021871007402013892,0.021871007402013892
CNG FINANCIAL CORPORATION,0.0007464506699867489,9,0.00021242313371233067,0.021242313371233067
"Credit Control, LLC",0.0007422845480122176,36,0.00025952571892899563,0.025952571892899564
"Apple Law Group, Inc.",0.0007395021465646019,3,0.0002270633771101963,0.02270633771101963
Wave Financial USA Inc.,0.0007379617601163584,3,0.0002486606792374853,0.02486606792374853
"Pavilion Payments US BuyerCo, LLC",0.0007340543369627771,3,0.00025110983939923383,0.025110983939923382
"Associated Credit Services, Inc.",0.0007325993552519137,2,0.0002466050391878793,0.024660503918787928
FourLeaf Federal Credit Union,0.0007319972335802442,31,0.000242183662154452,0.024218366215445198
"CBC Companies, Inc.",0.0007304103836588548,30,0.0002305402820665932,0.02305402820665932
"Waddell Serafino Geary Rechner Jenevein, PC",0.0007294740811020164,2,0.0002700877785280216,0.02700877785280216
American Financial Network Inc.,0.0007271155513310949,2,0.00026965080221113657,0.026965080221113658
"National Enterprise Systems, Inc.",0.0007244240734038608,9,0.00024231071768011602,0.024231071768011602
"Remitly, Inc.",0.0007222473360687205,17,0.00024306363514196212,0.02430636351419621
Camino Financial Inc.,0.000720301466332101,1,0.00026838432635534085,0.026838432635534086
Credee Corporation,0.0007132200663503264,4,0.00024075448438122196,0.024075448438122198
"The Best Service Co.,Inc",0.0007124819820783566,5,0.0002552579345950796,0.02552579345950796
"Javitch, Block & Rathbone LLC",0.0007103531989761821,1,0.00026652452025586353,0.026652452025586353
ENTERPRISE FINANCIAL SERVICES CORP,0.0007103531989761821,1,0.00026652452025586353,0.026652452025586353
"St John Rossin & Burr, PLLC",0.0007103531989761821,1,0.00026652452025586353,0.026652452025586353
Southwest Business Corporation,0.0007103531989761821,1,0.00026652452025586353,0.026652452025586353
"Mcburberod Financial, Inc. d/b/a SeedFi",0.0007103531989761821,1,0.00026652452025586353,0.026652452025586353
"Select Management Resources, LLC",0.0007103531989761821,1,0.00026652452025586353,0.026652452025586353
FIRST FINANCIAL BANCORP,0.0007084047412052892,8,0.00024428126076981964,0.024428126076981964
"Zebit, Inc.",0.0007077880605789134,3,0.00026465631327896516,0.026465631327896515
"Capital Accounts, LLC",0.0007056496083159336,42,0.00022280770250162645,0.022280770250162646
"United Collection Bureau, Inc.",0.0007002617021817794,7,0.00023131140249841494,0.023131140249841493
"Sensible Auto Lending, LLC",0.0006937058019410782,2,0.00024102381166389526,0.024102381166389526
"National Consumer Telecom & Utilities Exchange, Inc.",0.0006936155257234601,1,0.0002633658151171978,0.02633658151171978
Viking Client Services,0.0006936155257234601,1,0.0002633658151171978,0.02633658151171978
"American Collection Systems, Inc. (OH)",0.0006936155257234601,1,0.0002633658151171978,0.02633658151171978
"Apothaker & Associates, PC",0.0006936155257234601,1,0.0002633658151171978,0.02633658151171978
"Atlantic Union Bankshares, Inc.",0.0006913376450548873,7,0.00023028962174662904,0.023028962174662902
Triple AC Resolutions,0.0006858930859933386,2,0.0002373332624770604,0.02373332624770604
Rent Recovery Solutions,0.0006815429093289367,4,0.00022864484091642597,0.022864484091642597
"Consumer Portfolio Services, Inc.",0.0006813517187722736,5,0.00023373606549821486,0.023373606549821485
Thaxton Investment Corporation,0.0006758903787667813,8,0.00021879153308318363,0.021879153308318362
"Global Asset Management Group, Inc.",0.0006704852677938257,2,0.00023092340412066994,0.023092340412066995
The Aligned Company DBA Extra,0.0006669730732713724,33,0.0002300609434769292,0.02300609434769292
LendingPoint Holdings LLC,0.0006609862633901232,10,0.0002373854700188168,0.023738547001881678
VW Credit,0.0006598270419122369,14,0.0002198573356686388,0.02198573356686388
Apple Financing LLC,0.0006551334270168119,9,0.0002139275722007102,0.02139275722007102
"Frontline Asset Strategies, LLC",0.0006538051647680286,3,0.00025395983650393345,0.025395983650393344
Merchants Acceptance Corp,0.000651653731213632,2,0.00022287432649774588,0.022287432649774588
"GVA Holdings, LLC",0.0006505461666140624,6,0.00022298538007880527,0.022298538007880526
"I.C. System, Inc.",0.0006496669011170297,23,0.0002181434363304501,0.021814343633045012
EdFinancial Services,0.0006420607632193452,12,0.0002293152359718407,0.022931523597184072
"Torres Credit Services, Inc.",0.0006373680879103957,1,0.00025246149962130775,0.025246149962130777
Clark County Collection Service,0.0006373680879103957,1,0.00025246149962130775,0.025246149962130777
TMX Finance LLC,0.0006373680879103957,1,0.00025246149962130775,0.025246149962130777
"CFAM Financial Services, LLC",0.0006373680879103957,1,0.00025246149962130775,0.025246149962130777
SAN DIEGO COUNTY CREDIT UNION,0.0006352758353809738,8,0.00020408317655613395,0.020408317655613396
"CCS Financial Services, Inc.",0.0006272522036869586,27,0.00022579579396294442,0.022579579396294444
"PENNYMAC LOAN SERVICES, LLC.",0.0006210496298621576,3,0.00022826610249081529,0.02282661024908153
"Capstone Capital USA, LLC",0.0006151158692236137,8,0.00023518276260526665,0.023518276260526664
"WESBANCO BANK, INC.",0.0006145889328312503,3,0.00023479069322327912,0.023479069322327913
SOUTHSTATE BANK CORPORATION,0.0006108437620684976,12,0.00022560962299609163,0.022560962299609164
CRED Technologies dba cred.ai,0.0006073417349434655,31,0.00021509064896213815,0.021509064896213816
Credit Glory LLC,0.0006057935951334604,3,0.0002180137709887486,0.02180137709887486
CIBC BANCORP USA INC.,0.0006049266648530779,8,0.00022991118433566613,0.022991118433566615
"Medical Data Systems, Inc.",0.0006032862628620599,4,0.00023756045264149711,0.023756045264149712
Lendmark Financial Services,0.0006022104881836827,10,0.00021039688651994484,0.021039688651994484
"Southwest Credit Systems, L.P.",0.000599904287135623,12,0.0002227546099053733,0.02227546099053733
"CAINE & WEINER COMPANY, INC.",0.0005991026346106933,26,0.00021769544803528586,0.021769544803528586
Grow Credit Inc,0.0005971020498603824,21,0.00021723409496599656,0.021723409496599656
BEACON FINANCIAL CORPORATION,0.0005965406111017931,6,0.00019380541366127658,0.019380541366127657
ICUL Service Corporation,0.0005940727190623272,10,0.00022151184942202648,0.022151184942202647
Excella Recovery Group,0.0005842852014645975,2,0.00022484395048772316,0.022484395048772317
CATHAY BANK,0.0005776990916530645,2,0.00022237993673895494,0.022237993673895493
"FIRST INTERSTATE BANCSYSTEM, INC.",0.0005713738457298362,21,0.0002246460608224409,0.022464606082244088
Freedom Mortgage Company,0.0005686959626066139,6,0.0002104871305105339,0.021048713051053387
"Propel, Inc.",0.0005663847491076242,21,0.000208021879277127,0.0208021879277127
Tally Technologies,0.0005641497232971275,3,0.00021811225379571937,0.021811225379571936
"NCP Holdings, L.P.",0.0005638467818374246,2,0.00021538237012685104,0.021538237012685105
"Credit Systems International, Inc.",0.0005626339460572279,2,0.00021485449449962758,0.021485449449962758
Rausch Sturm LLP,0.0005619989796633864,10,0.00021121713810474594,0.021121713810474594
"Bepensa Capital, Inc.",0.0005583527788994465,1,0.00023629489603024575,0.023629489603024575
Mediation Recovery Center,0.0005583527788994465,1,0.00023629489603024575,0.023629489603024575
Johnson Mark P.C.,0.0005579276147387526,2,0.00021435285798154734,0.021435285798154735
UNITED CREDIT CORP. OF SOUTHAVEN,0.0005566415554992018,2,0.0002359325232983367,0.02359325232983367
"Nelson and Kennard, LLP",0.000556534856602064,3,0.00023037669510153494,0.023037669510153493
"Aldous & Associates, PLLC",0.000555805397819554,8,0.0002218024472773002,0.02218024472773002
"Servicing Solutions, LLC",0.0005540781470739997,27,0.00020708758468817708,0.020708758468817708
Source Receivables Management LLC,0.0005497461023069862,8,0.00021283377612458103,0.021283377612458104
"CENTRAL BANCOMPANY, INC",0.000546355382781918,5,0.00021132148364871842,0.02113214836487184
"JTM Capital Management, LLC",0.0005431232840786594,3,0.0002217889805559899,0.02217889805559899
D2 Management LLC,0.0005430480013448233,2,0.00023301076067305993,0.023301076067305995
Kovo,0.0005351573411549283,41,0.0002088825419755668,0.02088825419755668
"BILL.COM, LLC",0.0005322249400593982,34,0.00020201274792639473,0.020201274792639473
"Skopos Financial, LLC",0.0005319215537979161,3,0.00019776718565086087,0.019776718565086088
"Avadyne Health Holdings, Inc",0.0005301763382406278,2,0.00023025558369790466,0.023025558369790467
"The Law Offices of Kenosian & Miele, LLP",0.0005277432237902001,1,0.00022972662531587412,0.02297266253158741
"Second Alliance, Inc.",0.0005230465763169087,2,0.00022870211549456832,0.022870211549456832
OFG BANCORP,0.0005230465763169087,2,0.00022870211549456832,0.022870211549456832
FLAGSHIP FINANCIAL GROUP LLC,0.0005230465763169087,2,0.00022870211549456832,0.022870211549456832
"LoanCare, LLC",0.0005228608339771821,10,0.00020888766222250873,0.020888766222250874
RockLoans Holdings LLC,0.0005195692610537667,2,0.00021192489834496748,0.021192489834496748
"SUNRISE CREDIT SERVICES, INC",0.0005160228251432847,17,0.00020133763499794504,0.020133763499794503
"N.A.R., Inc.",0.0005149775349990076,2,0.00021746411551280213,0.021746411551280213
Concerto Card Company,0.0005134890973186192,12,0.0002088816957738431,0.02088816957738431
1st Franklin Financial Corporation,0.0005110087781174787,5,0.00020909478212108673,0.020909478212108673
"Momnt Technologies, Inc.",0.0005073106380143549,2,0.0002251898792951833,0.02251898792951833
"Security Credit Services, LLC",0.0005020278924273897,22,0.00019819562856541824,0.019819562856541826
Thrive National Corporation,0.0004982461734693877,1,0.0002232142857142857,0.022321428571428572
"Figure Technologies, Inc",0.0004982461734693877,1,0.0002232142857142857,0.022321428571428572
"IDT Telecom, Inc",0.0004982461734693877,1,0.0002232142857142857,0.022321428571428572
"Financial Freedom Group, LLC",0.0004982461734693877,1,0.0002232142857142857,0.022321428571428572
"Synerprise Consulting Services, Inc.",0.0004982461734693877,1,0.0002232142857142857,0.022321428571428572
Beccas Home LLC,0.0004982461734693877,1,0.0002232142857142857,0.022321428571428572
OLD NATIONAL BANCORP,0.0004930723886372232,8,0.00020195386825414016,0.020195386825414014
"Tesla, Inc.",0.0004889414438506342,18,0.00019940409512655925,0.019940409512655924
Financial Data Systems,0.00048687805223850947,1,0.0002206531332744925,0.02206531332744925
SG and Associates,0.00048687805223850947,1,0.0002206531332744925,0.02206531332744925
"Rapid Investments Holdings, Inc",0.00047991757268038196,7,0.00020764968859606896,0.020764968859606898
"Shellpoint Partners, LLC",0.0004782878795504264,11,0.00019441154615639785,0.019441154615639784
LAKE MICHIGAN CREDIT UNION,0.0004728955442518896,14,0.0002066843324209046,0.020668433242090462
"GREENSKY OPERATIONS, LLC",0.00047226383529184427,32,0.00019766764959770614,0.019766764959770613
"Greenlight Financial Technology, Inc",0.00046879514559820264,24,0.00018514369817996848,0.018514369817996847
"National Credit Systems,Inc.",0.00046700490222151357,9,0.0001873035809028227,0.01873035809028227
"NCD Financial, LLC",0.00046678913843548406,6,0.00018815395751485117,0.018815395751485116
KINGS CREDIT SERVICES,0.0004624812117007747,1,0.00021505376344086021,0.021505376344086023
A.R.C. Accounts Recovery (U.S.A.) Corporation LLC,0.0004624812117007747,1,0.00021505376344086021,0.021505376344086023
"CARDINAL FINANCIAL COMPANY, LIMITED PARTNERSHIP",0.0004624812117007747,1,0.00021505376344086021,0.021505376344086023
"Silverman Theologou, LLP",0.0004624812117007747,1,0.00021505376344086021,0.021505376344086023
Carma Enterprises Inc,0.0004624812117007747,1,0.00021505376344086021,0.021505376344086023
Sunnova Energy Corporation,0.0004624812117007747,1,0.00021505376344086021,0.021505376344086023
Linebarger Goggan Blair & Sampson LLP,0.0004624812117007747,1,0.00021505376344086021,0.021505376344086023
"Jacob Law Group, PLLC",0.0004624812117007747,1,0.00021505376344086021,0.021505376344086023
"Debt Recovery Solutions, LLC",0.00045979196547322896,2,0.00019650352775157278,0.019650352775157278
"Paramount GR Holdings, LLC",0.00045891090815138643,15,0.00019395769091540957,0.01939576909154096
Transform Credit Inc.,0.0004524700704197882,6,0.00019424616852105973,0.019424616852105975
SECURITY SERVICE FEDERAL CREDIT UNION,0.0004513271652778863,18,0.00019426396327936794,0.019426396327936794
GLOBAL CREDIT UNION,0.00045076120339958097,16,0.00019547988153741544,0.019547988153741543
"Amsher Collection Services, Inc.",0.0004491907859586998,5,0.00018935199990887736,0.018935199990887736
MOHELA,0.00044799117538292673,10,0.00018916128713570893,0.018916128713570894
Possible Financial Inc,0.000442632374132504,17,0.00019707178518313606,0.019707178518313606
"Zendable, Inc.",0.0004425116972096648,19,0.00019024733087778074,0.019024733087778075
Activehours,0.00043846614343593754,6,0.00019679395475790336,0.019679395475790337
TrueAccord Corp.,0.00043737279033151464,20,0.00019781154054251108,0.01978115405425111
"Capital Alliance Financial, LLC",0.00043319168436736826,4,0.00019970995892168146,0.019970995892168147
LendingUSA,0.0004331844395812962,3,0.00018687621141935925,0.018687621141935926
"Dave Operating, LLC",0.0004321359187610297,27,0.0001966430962020847,0.01966430962020847
CCF Intermediate Holdings LLC,0.0004300863014105883,12,0.0001927874525132871,0.01927874525132871
Global Tel*Link Corporation,0.00042270791123978635,11,0.00018510594444728275,0.018510594444728273
"Financial Solutions Group, LLC",0.0004195144189213808,3,0.00020184229650167506,0.020184229650167505
Loqbox US Inc,0.00041884934440385564,6,0.00020226665641985564,0.020226665641985563
Westcreek Financial,0.00041653228591947804,30,0.00018684196400202413,0.018684196400202413
"SOFTGATE SYSTEMS, INC.",0.00041403906692528514,2,0.00020347949944043138,0.020347949944043136
"Americas Car-Mart, Inc.",0.00041403906692528514,2,0.00020347949944043138,0.020347949944043136
LCI Acquisition Inc.,0.00041403906692528514,2,0.00020347949944043138,0.020347949944043136
Blackhawk Finance,0.00041217812674373115,3,0.0001876682976858586,0.01876682976858586
Indie Technology DBA Found,0.00040995454669411367,7,0.00018155139191413004,0.018155139191413004
SPLITIT USA INC.,0.00040642144328952614,4,0.00019531476736902982,0.019531476736902982
Everi Payments Inc.,0.00040584930270311324,10,0.00017886780196163507,0.017886780196163507
LJ Ross Associates,0.0004044868716280429,3,0.00019103426440072904,0.019103426440072905
Arcon Credit Solutions LLC,0.00040410786342450644,3,0.00018999070676320502,0.018999070676320503
"Kriya Capital, LLC",0.0003970968559521226,16,0.00018366271211117696,0.018366271211117696
V and H Portfolio,0.00039707308579900425,5,0.00017924096684187213,0.017924096684187214
"MRS BPO, LLC",0.00039668493362697517,8,0.00018369811968241254,0.018369811968241254
"Aargon Agency, Inc.",0.00039145148775173295,5,0.00018531162289266845,0.018531162289266843
"Prog Holdings, Inc.",0.0003902327994673655,18,0.00018108384351801167,0.018108384351801166
"True Link Financial, Inc.",0.0003876512886153478,12,0.00018278257341440785,0.018278257341440785
First Credit Corporation,0.0003873482606765479,2,0.000196811651249754,0.0196811651249754
"NEW IMAGITAS, INC",0.000387182811785058,3,0.00018741579872450228,0.018741579872450228
"Relay Financial (US), Corp.",0.0003869021232089682,4,0.0001952969742885053,0.01952969742885053
"EGL US, LLC",0.0003863494117614991,8,0.0001712669763007468,0.01712669763007468
"PatientFi, Inc.",0.0003831889281467238,17,0.00018063648363570104,0.018063648363570103
"Hatfield, Inc.",0.0003793127812140749,13,0.0001715709730209642,0.01715709730209642
"COLUMBIA BANKING SYSTEM, INC.",0.0003780665244586047,4,0.00017776409680145817,0.017776409680145818
Kashable LLC,0.00037543126249725556,4,0.00018816401260439295,0.018816401260439295
"Bridge IT, Inc.",0.00036790269306405344,10,0.00017148461252101762,0.017148461252101763
Bright Capital Inc,0.00036787221024721026,6,0.00018523458556471498,0.018523458556471497
"FlexShopper, Inc",0.00036472104521136333,8,0.0001780009909451644,0.01780009909451644
FIRST MERCHANTS CORPORATION,0.0003623975044728006,1,0.00019036740909956216,0.019036740909956214
Turner Acceptance Corp.,0.0003623975044728006,1,0.00019036740909956216,0.019036740909956214
National Capital Solutions,0.0003623975044728006,1,0.00019036740909956216,0.019036740909956214
"The Law Offices of Frederic I. Weinberg & Associates, P.C.",0.0003623975044728006,1,0.00019036740909956216,0.019036740909956214
"Council Law Group, PLLC",0.0003623975044728006,1,0.00019036740909956216,0.019036740909956214
"Carvana Group, LLC",0.0003560857107150974,4,0.00017354410045118082,0.017354410045118084
Absolute Resolutions Corp.,0.00035596917949906376,27,0.00017398616073526174,0.017398616073526173
"Law Offices of Hayt, Hayt & Landau, LLC",0.0003499706226915179,3,0.00016940221672854202,0.0169402216728542
"Maximus Federal Services, Inc.",0.00034288380521633566,13,0.00017337756194569105,0.017337756194569103
"The CMI Group, Inc.",0.0003420711705841455,3,0.0001795515402859668,0.01795515402859668
Denefits LLC,0.00034154264086439526,1,0.00018480872297172427,0.018480872297172428
CHERRY TECHNOLOGIES INC.,0.00034065467773262677,24,0.0001764238385110043,0.01764238385110043
Garrison Investment Group,0.000335646840447668,5,0.0001598667676900706,0.01598667676900706
"Fold, Inc.",0.0003348732705267604,9,0.00017157119806731822,0.017157119806731822
"MPOWER Financing, Public Benefit Corporation",0.00033409238008447255,1,0.00018278194114421494,0.018278194114421494
"Uprova Credit, LLC",0.00033409238008447255,1,0.00018278194114421494,0.018278194114421494
"Cawley & Bergmann, LLP",0.00033409238008447255,1,0.00018278194114421494,0.018278194114421494
DAIMLER TRUCK FINANCIAL SERVICES USA LLC,0.00033409238008447255,1,0.00018278194114421494,0.018278194114421494
Clearview Resolution Services,0.00033409238008447255,1,0.00018278194114421494,0.018278194114421494
HOMESTEAD FUNDING CORPORATION,0.00033409238008447255,1,0.00018278194114421494,0.018278194114421494
"Tromberg, Miller, Morris & Partners, PLLC",0.00033409238008447255,1,0.00018278194114421494,0.018278194114421494
"Midstate Collection Solutions, Inc.",0.00033409238008447255,1,0.00018278194114421494,0.018278194114421494
FIRST CREDIT FINANCE,0.00033409238008447255,1,0.00018278194114421494,0.018278194114421494
"ONLINE Information Services, Inc.",0.00032580327873383126,3,0.00016446281852098326,0.016446281852098326
NORTHWEST BANCSHARES INC,0.0003223286661768459,5,0.00016055534190266557,0.016055534190266556
UNITED COMMUNITY BANK,0.000318359817141433,2,0.00017044451635678983,0.017044451635678984
PRANCER CAPITAL CORP,0.0003175153131285216,1,0.0001781895937277263,0.01781895937277263
"Mortgage Professionals, Inc.",0.0003175153131285216,1,0.0001781895937277263,0.01781895937277263
Sulphur Bank Rancheria Enterprises,0.0003175153131285216,1,0.0001781895937277263,0.01781895937277263
Taggart Motor Co,0.0003175153131285216,1,0.0001781895937277263,0.01781895937277263
M1 Holdings Inc.,0.0003171207638485009,10,0.00017291443034568926,0.017291443034568928
Royal Pacific Funding Corporation,0.00031305451726472324,2,0.00017674984056818333,0.017674984056818333
Consumer Adjustment Company Incorporated,0.0003068255319027666,7,0.0001652653884576058,0.01652653884576058
"PACIFIC PREMIER BANCORP, INC.",0.00030677710892544337,2,0.0001751237025761825,0.01751237025761825
"Federal Adjustment Bureau, Inc.",0.00030404170235989573,1,0.0001743679163034002,0.01743679163034002
"OPT-OUT SERVICES, LLC",0.00030404170235989573,1,0.0001743679163034002,0.01743679163034002
"Credit Central Holdings, LLC",0.00030404170235989573,1,0.0001743679163034002,0.01743679163034002
CADENCE BANK,0.0003014924345649669,16,0.00016836723829023183,0.016836723829023185
"NerdWallet, Inc.",0.0002983060827679097,10,0.00016179389423647605,0.016179389423647605
"Resurgence Legal Group, PC",0.0002960389047223652,1,0.00017205781142463867,0.017205781142463867
AVANTE,0.0002960389047223652,1,0.00017205781142463867,0.017205781142463867
"Roosen, Varchetti & Olivier, PLLC",0.0002960389047223652,1,0.00017205781142463867,0.017205781142463867
RELIANCE FIRST CAPITAL LLC,0.0002960389047223652,1,0.00017205781142463867,0.017205781142463867
PLAID INC.,0.0002960389047223652,1,0.00017205781142463867,0.017205781142463867
Upward Financial Inc.,0.00029461022376715986,4,0.00015844945083821871,0.015844945083821872
"Collection Management Holdings, LLC",0.00029047729219278524,5,0.00015745610889284886,0.015745610889284885
"Mercari, Inc.",0.00028608515838929603,13,0.00015981716422986756,0.015981716422986757
Cottonwood Financial Ltd.,0.0002845663936650512,1,0.00016869095816464237,0.016869095816464237
ECredable,0.0002845663936650512,1,0.00016869095816464237,0.016869095816464237
Southwest Stage Funding,0.0002845663936650512,1,0.00016869095816464237,0.016869095816464237
"Shepherd Outsourcing, LLC",0.00028423391071122415,3,0.00016314670811402136,0.016314670811402136
The Receivable Management Services LLC,0.000279139522147328,4,0.00016206685979032812,0.01620668597903281
"Elevate Recoveries, LLC",0.00027511193548096903,1,0.0001658649859014762,0.01658649859014762
CURevl LLC,0.00027511193548096903,1,0.0001658649859014762,0.01658649859014762
"PlusFour, Inc",0.00027511193548096903,1,0.0001658649859014762,0.01658649859014762
"PALOMAR ENTERPRISES, LLC",0.00027511193548096903,1,0.0001658649859014762,0.01658649859014762
"J J Marshall & Associates, Inc",0.00027511193548096903,1,0.0001658649859014762,0.01658649859014762
"CAROLINA FINANCE, LLC",0.00027511193548096903,1,0.0001658649859014762,0.01658649859014762
Larry H. Miller Group of Companies,0.00027511193548096903,1,0.0001658649859014762,0.01658649859014762
R&M Marketing Associates LLC,0.00027511193548096903,1,0.0001658649859014762,0.01658649859014762
"Adler Wallach & Associates, Inc.",0.00027333843693203713,3,0.00015498061463322288,0.015498061463322287
"Mercury Technologies, Inc.",0.00027158730562870946,14,0.00015700671771574565,0.015700671771574564
"Mobiloans, LLC",0.000270154148931553,4,0.00015785645206724337,0.015785645206724336
"NRA Group, LLC",0.00026591790393497067,5,0.00015149392086106383,0.015149392086106384
DOLLAR MUTUAL BANCORP,0.00026572560699053316,15,0.00015583533566221937,0.015583533566221937
Financial Credit Network Inc,0.0002629108607450132,3,0.00015724319912452397,0.015724319912452395
"TRUEBILL, INC",0.0002620860978581787,2,0.0001613679344128277,0.01613679344128277
River Heights Capital LLC,0.0002596758190481597,2,0.00015944595900275945,0.015944595900275946
"January Technologies, Inc",0.00025960544590233274,7,0.00015737024613729383,0.015737024613729382
"Nathan & Nathan, P.C.",0.00025905495237788753,3,0.00015558135449851907,0.015558135449851906
"Cascade CISS Holdings, LLC",0.0002569908440611811,8,0.00015561610820104878,0.015561610820104878
"Flexible Finance, Inc.",0.0002541263597378804,7,0.00015242826637044718,0.015242826637044718
MEI AUTO FINANCE INC,0.00024722123333728883,1,0.00015723270440251572,0.015723270440251572
ALLIED SECURITY LLC,0.00024722123333728883,1,0.00015723270440251572,0.015723270440251572
"Kornerstone Credit,  LLC.",0.00024722123333728883,1,0.00015723270440251572,0.015723270440251572
"Fairway Capital Recovery, LLC",0.00024722123333728883,1,0.00015723270440251572,0.015723270440251572
Hatfield Portfolio Group LLC.,0.00024722123333728883,1,0.00015723270440251572,0.015723270440251572
"Local Management, LLC",0.00024722123333728883,1,0.00015723270440251572,0.015723270440251572
"Simon's Agency, Inc.",0.00024722123333728883,1,0.00015723270440251572,0.015723270440251572
INTERFIRST MORTGAGE COMPANY,0.00024722123333728883,1,0.00015723270440251572,0.015723270440251572
"Bakkt Opco Holdings, LLC",0.00024722123333728883,1,0.00015723270440251572,0.015723270440251572
"Branson Quick Cash, Inc.",0.00024722123333728883,1,0.00015723270440251572,0.015723270440251572
"LDF Holdings, LLC",0.00024722123333728883,1,0.00015723270440251572,0.015723270440251572
First Credit Services Inc.,0.00024627862118720134,3,0.00014837080212156604,0.014837080212156604
Concord Servicing Corporation,0.0002443558290886156,10,0.00014331083056369807,0.014331083056369806
Unifin Inc.,0.00024366325412666633,6,0.00014608061400589304,0.014608061400589303
"Bliksum, LLC",0.00024244982374733255,2,0.00015052404765990835,0.015052404765990835
"B9, Inc.",0.00024177008437158243,6,0.00015044859391026696,0.015044859391026696
NATIONAL DEBT RELIEF LLC,0.00024100583216957853,5,0.00014537418436880222,0.014537418436880221
Healthcare Finance Direct LLC.,0.0002389590427546276,12,0.00014361735304550688,0.014361735304550689
Novo Platform Inc.,0.00023886439126981706,6,0.00014614758713507467,0.014614758713507467
Kiva Microfunds,0.00023770926616392105,1,0.0001541782300339192,0.01541782300339192
"Tomo Networks, Inc.",0.00023770926616392105,1,0.0001541782300339192,0.01541782300339192
Veem  Inc.,0.00023770926616392105,1,0.0001541782300339192,0.01541782300339192
"NY Community Financial, LLC",0.00023770926616392105,1,0.0001541782300339192,0.01541782300339192
GOLD STAR MORTGAGE FINANCIAL,0.00023770926616392105,1,0.0001541782300339192,0.01541782300339192
"PLANET HOME LENDING, LLC",0.00023770926616392105,1,0.0001541782300339192,0.01541782300339192
"Harris & Harris, Ltd.",0.0002370963422918214,4,0.0001475978774880681,0.01475978774880681
"Consolidated Management Group, LLC",0.00023623809190604766,2,0.0001528855750384555,0.01528855750384555
CONTRACT CALLERS INC,0.00023287328207342167,1,0.00015260186174271325,0.015260186174271325
"Eagle Recovery Associates, Inc.",0.00023287328207342167,1,0.00015260186174271325,0.015260186174271325
Credit Reporting Services LLC,0.00023287328207342167,1,0.00015260186174271325,0.015260186174271325
"Accscient, LLC",0.00023287328207342167,1,0.00015260186174271325,0.015260186174271325
Extreme Loans LLC,0.00023287328207342167,1,0.00015260186174271325,0.015260186174271325
Huntington Debt Holding LLC,0.00023239542971119104,3,0.00015118936054294848,0.015118936054294848
McKenzie Management LLC,0.00023213420574504472,7,0.00014825451018723757,0.014825451018723757
"Access Capital Services, Inc.",0.00022477516863757022,1,0.00014992503748125936,0.014992503748125935
"PayTomorrow, LLC",0.00022477516863757022,1,0.00014992503748125936,0.014992503748125935
"COLLECTION AGENCY OF THE HIGH COUNTRY,INC",0.00022477516863757022,1,0.00014992503748125936,0.014992503748125935
"SHAZAM, INC./IOWA TRANSFER SYSTEM, INC. (ITS)",0.0002222357341548588,1,0.0001490757304710793,0.01490757304710793
"College Ave Student Loan Servicing, LLC",0.0002222357341548588,1,0.0001490757304710793,0.01490757304710793
Capital Core Advisors LLC,0.0002222357341548588,1,0.0001490757304710793,0.01490757304710793
Credit Sage LLC,0.0002201304933564617,1,0.0001483679525222552,0.014836795252225518
"Nations Direct Mortgage, LLC",0.0002201304933564617,1,0.0001483679525222552,0.014836795252225518
Fuel Capital Group,0.0002201304933564617,1,0.0001483679525222552,0.014836795252225518
Reese Law Group,0.0002201304933564617,1,0.0001483679525222552,0.014836795252225518
"A.C.S. Companies, Inc. I",0.00021946548298703157,2,0.00014692839721286533,0.014692839721286533
"UHG, LLC",0.00021785722550995697,4,0.00014699512911780748,0.014699512911780748
"Expanse Financial Technologies, Inc. f/k/a Prepaid Ventures, LTD",0.00021756551174216646,2,0.00014715644815739218,0.014715644815739217
"RBC BANK (GEORGIA), NATIONAL ASSOCIATION",0.00021700563511437118,6,0.00014017973640159824,0.014017973640159824
TekCollect Inc.,0.00021680686351296014,5,0.00014276070254274508,0.014276070254274508
"United Shore Financial Services, LLC",0.000216289691939422,6,0.00013854609323455536,0.013854609323455535
Future Judgement Solutions,0.00021598372306766447,3,0.0001439314489425808,0.01439314489425808
"Doxo, Inc.",0.00021589625541949538,2,0.0001455185487774999,0.01455185487774999
IDAHO CENTRAL CREDIT UNION,0.00021446569392029866,6,0.00014079508924453847,0.014079508924453848
Credova Holdings Inc,0.00021340027440079618,2,0.00014320443458596142,0.014320443458596142
GREENSTATE CREDIT UNION,0.0002104421146896208,12,0.0001414457835989383,0.014144578359893831
"NEU Money, Inc.",0.00020888244551339877,8,0.00013614265518501706,0.013614265518501707
"Eastern Account Systems of Connecticut, Inc.",0.00020830241690581412,4,0.00014231760919581718,0.014231760919581718
"Pomelo International, Inc",0.0002077919315036548,3,0.0001432595173121116,0.01432595173121116
Evident Capital LLC,0.00020634247939230714,2,0.00014350261469676403,0.014350261469676403
"Steel River Systems, LLC",0.0002024801602311012,2,0.0001418919055532404,0.014189190555324041
Credit Fresh Holdings Inc,0.00020158099613681917,9,0.00013643357284697319,0.013643357284697318
"Reliant Capital Solutions, LLC",0.0001991315348943044,3,0.00013914502245900357,0.013914502245900356
Servicer under contract with Federal Student Aid,0.0001964475329228499,8,0.00013326209879745919,0.013326209879745919
"Majority USA, LLC",0.00019527893735534293,4,0.00013619684252941613,0.013619684252941612
"Mezu, Inc",0.0001947769287157217,2,0.0001388869866981184,0.013888698669811841
"Nav Technologies, Inc.",0.0001937016082420876,9,0.00013727997995848705,0.013727997995848704
"First Help Financial, LLC",0.00019302738232397648,2,0.00013853376949766688,0.013853376949766688
"StellarFinance, Inc.",0.00019246814226251386,3,0.00013717718047500822,0.013717718047500821
CVB FINANCIAL CORP.,0.0001918891020244197,3,0.0001375480159169329,0.01375480159169329
Driveway Finance Corporation,0.0001913566460966564,1,0.00013833171946327292,0.013833171946327293
Kadent Corporation,0.0001913566460966564,1,0.00013833171946327292,0.013833171946327293
SOP Pioneer Partners LP,0.0001913566460966564,1,0.00013833171946327292,0.013833171946327293
"Specialized Collection Systems, Inc.",0.0001913566460966564,1,0.00013833171946327292,0.013833171946327293
"Coastal Capital Processing, LLC",0.0001913566460966564,1,0.00013833171946327292,0.013833171946327293
"Voss & Klein, LLC",0.0001913566460966564,1,0.00013833171946327292,0.013833171946327293
COOPERATIVA DE AHORRO Y CREDITO HATILLO,0.0001913566460966564,1,0.00013833171946327292,0.013833171946327293
"HOPE BANCORP, INC.",0.00019125351942755726,2,0.00013783701702690563,0.013783701702690563
Credit Service Company,0.000188991438708258,2,0.00013579188107489993,0.013579188107489993
"CMRE Financial Services, Inc.",0.0001879097901470441,1,0.00013708019191226866,0.013708019191226866
Torriere Holdings INC,0.0001879097901470441,1,0.00013708019191226866,0.013708019191226866
"Reset Financial Technologies, Inc.",0.0001879097901470441,1,0.00013708019191226866,0.013708019191226866
"Compass Recovery Group, LLC",0.0001879097901470441,1,0.00013708019191226866,0.013708019191226866
"American Cycle Finance, Inc.",0.0001879097901470441,1,0.00013708019191226866,0.013708019191226866
"King of Credit Financial, Inc",0.00018665244268247663,5,0.00013507824900024432,0.013507824900024432
"Harpeth Financial Services, LLC",0.00018650836769654403,4,0.00013482093191108109,0.013482093191108109
Climb Credit Inc.,0.0001852592580118469,1,0.00013610997686130393,0.013610997686130393
"ATG Credit, LLC",0.0001852592580118469,1,0.00013610997686130393,0.013610997686130393
Consolidation Capital,0.0001852592580118469,1,0.00013610997686130393,0.013610997686130393
Metro Collection Service Inc.,0.0001852592580118469,1,0.00013610997686130393,0.013610997686130393
"NRG STX Properties, LLC",0.0001852592580118469,1,0.00013610997686130393,0.013610997686130393
Rosenberg & Associates Recovery Services,0.0001852592580118469,1,0.00013610997686130393,0.013610997686130393
"TEXAS CAPITAL BANCSHARES, INC.",0.00018513915521127408,2,0.00013606204058813973,0.013606204058813973
Arco Collection Services LLC,0.00018414139749233267,3,0.00013468893125505806,0.013468893125505806
"Revco Management, LLC",0.0001838138891436755,2,0.00013557693306265735,0.013557693306265734
"HW Holding, Inc",0.00018290686986245592,4,0.00013212077549933554,0.013212077549933554
InDebted Corporation,0.0001823685202755041,1,0.0001350438892640108,0.01350438892640108
Texan Credit Corporation,0.0001823685202755041,1,0.0001350438892640108,0.01350438892640108
"4M Collections, LLC",0.0001823685202755041,1,0.0001350438892640108,0.01350438892640108
"Palisade Legal Group, PLLC",0.0001823685202755041,1,0.0001350438892640108,0.01350438892640108
"Williams & Fudge, Inc",0.0001823685202755041,1,0.0001350438892640108,0.01350438892640108
"AutoCred, Inc.",0.0001823685202755041,1,0.0001350438892640108,0.01350438892640108
Credit Repair Anywhere,0.00018177888783277372,1,0.00013482540110556829,0.013482540110556829
Supreme Lending,0.00018177888783277372,1,0.00013482540110556829,0.013482540110556829
"Galaxy Capital Acquisitions, LLC",0.00018177888783277372,1,0.00013482540110556829,0.013482540110556829
SCS Credit Corporation,0.00018177888783277372,1,0.00013482540110556829,0.013482540110556829
"AmeriHome Mortgage Company, LLC",0.00018177888783277372,1,0.00013482540110556829,0.013482540110556829
"CRC Holding, LLC",0.00018177888783277372,1,0.00013482540110556829,0.013482540110556829
CrediautoUSA Financial Company LLC,0.00018177888783277372,1,0.00013482540110556829,0.013482540110556829
"SANDY SPRING BANCORP, INC.",0.00018177888783277372,1,0.00013482540110556829,0.013482540110556829
"Harvard Collections, LLC",0.00018177888783277372,1,0.00013482540110556829,0.013482540110556829
"Arbor Professional Solutions, Inc.",0.00018177888783277372,1,0.00013482540110556829,0.013482540110556829
Revenued LLC,0.00018125002313077287,4,0.0001345500945573112,0.01345500945573112
Global Lending Services LLC,0.00018007830115986974,7,0.00013122117751137455,0.013122117751137455
"Array US, Inc",0.00017829947720268696,2,0.00013249544029059933,0.013249544029059934
"Southwest Recovery Services, Inc.",0.0001777115248972396,2,0.0001322412697364052,0.01322412697364052
BANK OZK,0.00017711541846940012,2,0.00013185181217560522,0.013185181217560522
"STATE BANKSHARES, INC.",0.00017693296311077723,2,0.0001330036752346679,0.013300367523466791
Credit Wellness LLC,0.0001761768206412146,1,0.00013273161667109106,0.013273161667109106
"Braviant Holdings, LLC",0.00017584570122804443,2,0.0001314271586705152,0.013142715867051518
"SettlementOne, LLC",0.00017401861072733908,2,0.00013175191555839824,0.013175191555839825
"American Management Services, Inc.",0.00017208703838878073,1,0.00013118194936376755,0.013118194936376755
TapTap Send Inc.,0.00017208703838878073,1,0.00013118194936376755,0.013118194936376755
"AMERIPRISE BANK, FSB",0.00017208703838878073,1,0.00013118194936376755,0.013118194936376755
"Bernhardt and Strawser, P.A.",0.00017208703838878073,1,0.00013118194936376755,0.013118194936376755
"Complete Care, Inc.",0.00017208703838878073,1,0.00013118194936376755,0.013118194936376755
Sunlight Financial LLC,0.00017208703838878073,1,0.00013118194936376755,0.013118194936376755
"DRB-40, LLC",0.00017208703838878073,1,0.00013118194936376755,0.013118194936376755
"Hexagon Collection Services, LLC",0.00017208703838878073,1,0.00013118194936376755,0.013118194936376755
Kingston Data & Credit International Inc.,0.0001715358778272075,2,0.00013082210891079304,0.013082210891079304
FirstPoint Collection Resources,0.00017151332840812484,5,0.00012955411578514028,0.012955411578514028
ALMA Financial Assistance Corp.,0.00017142145927152407,2,0.00013086118962820503,0.013086118962820503
"Sequium Asset Solutions, LLC",0.00017128337052605227,5,0.00012926090755428863,0.012926090755428863
SEACOAST BANKING CORPORATION OF FLORIDA,0.00016637268237678924,3,0.0001283741275149438,0.01283741275149438
"Certegy Holdings, LLC",0.00016438380687340125,2,0.00012817703050864557,0.012817703050864557
GETM INCORPORATED,0.00016381903049309413,1,0.00012799180852425445,0.012799180852425445
"Merrick, Costello & Walsh, LLC.",0.00016381903049309413,1,0.00012799180852425445,0.012799180852425445
A&D Mortgage LLC,0.00016381903049309413,1,0.00012799180852425445,0.012799180852425445
Opensky Legal Services,0.00016381903049309413,1,0.00012799180852425445,0.012799180852425445
"Valentine and Kebartas, Inc.",0.00016381903049309413,1,0.00012799180852425445,0.012799180852425445
Armada Corp.,0.00016381903049309413,1,0.00012799180852425445,0.012799180852425445
TheTenn Inc.,0.00016381903049309413,1,0.00012799180852425445,0.012799180852425445
"Glass Mountain Capital, LLC",0.00016381903049309413,1,0.00012799180852425445,0.012799180852425445
"The Law Firm of Derek Williams, LLC d/b/a Infinite Law Group",0.00016381903049309413,1,0.00012799180852425445,0.012799180852425445
"CreditNinja Lending, LLC",0.00016353508951092227,2,0.0001275232267807185,0.012752322678071849
Lendbuzz Inc.,0.00016287275044309004,2,0.0001254077400956475,0.01254077400956475
"Snap Credit, Inc.",0.0001622049859907983,3,0.000127162410937892,0.0127162410937892
Nations Info Corp,0.00016211313564479428,1,0.00012732365673542143,0.012732365673542143
Commercial Acceptance Company,0.00016211313564479428,1,0.00012732365673542143,0.012732365673542143
Federated Student Loan Services,0.00016211313564479428,1,0.00012732365673542143,0.012732365673542143
FIRST UNITED BANK AND TRUST COMPANY,0.00016211313564479428,1,0.00012732365673542143,0.012732365673542143
State Finance Company,0.00016211313564479428,1,0.00012732365673542143,0.012732365673542143
Consumer Shield,0.00016211313564479428,1,0.00012732365673542143,0.012732365673542143
Checkbook Inc,0.00016211313564479428,1,0.00012732365673542143,0.012732365673542143
"Open Dealer Exchange, LLC",0.00016072101154904146,4,0.00012677147012398287,0.012677147012398287
PRIORITY PLUS FINANCIAL LLC,0.00016047439826754407,1,0.0001266784899923993,0.01266784899923993
Get Financed LLC,0.00016047439826754407,1,0.0001266784899923993,0.01266784899923993
"Ratchford Law Group, P.C.",0.00016047439826754407,1,0.0001266784899923993,0.01266784899923993
Paycheck Solutions llc,0.00016047439826754407,1,0.0001266784899923993,0.01266784899923993
ALCHRO INC.,0.00016047439826754407,1,0.0001266784899923993,0.01266784899923993
Homestead Designation Services,0.00016047439826754407,1,0.0001266784899923993,0.01266784899923993
"SMITH, ROUCHON & ASSOCIATES, INC.",0.00016047439826754407,1,0.0001266784899923993,0.01266784899923993
"Meridian Financial Services, Inc.",0.00016047439826754407,1,0.0001266784899923993,0.01266784899923993
Turbo Debt LLC,0.00016027130470025572,1,0.000126598303582732,0.0126598303582732
Assent Inc.,0.00016027130470025572,1,0.000126598303582732,0.0126598303582732
"Summit A*R, Inc.",0.00016027130470025572,1,0.000126598303582732,0.0126598303582732
FB FINANCIAL CORPORATION,0.00016027130470025572,1,0.000126598303582732,0.0126598303582732
"Autovest, L.L.C.",0.00016012617432312605,2,0.00012625007405243113,0.012625007405243114
Schukei Chevrolet Volkswagen,0.00015953639966199789,2,0.00012374077804797815,0.012374077804797816
"Business Processing Solutions, LLC",0.00015953639966199789,2,0.00012374077804797815,0.012374077804797816
"Aldridge PIte Haan, LLP",0.00015953639966199789,2,0.00012374077804797815,0.012374077804797816
"BYS, LLC. d/b/a Boost Your Score",0.00015899776014292942,5,0.00012551042352566835,0.012551042352566835
"Malen & Associates, p.c.",0.0001589016712860019,2,0.00012561888435512814,0.012561888435512814
PLACID NK CORPORATION,0.00015668057535802175,1,0.00012517211165352359,0.012517211165352359
"iSolved HCM Services, LLC",0.00015668057535802175,1,0.00012517211165352359,0.012517211165352359
COOPERATIVA DE AHORRO Y CREDITO BARRANQUITAS,0.00015668057535802175,1,0.00012517211165352359,0.012517211165352359
CapitalCredit LLC,0.00015668057535802175,1,0.00012517211165352359,0.012517211165352359
Legal Logix Inc.,0.00015668057535802175,1,0.00012517211165352359,0.012517211165352359
Greyhound Capital Group LLC,0.00015668057535802175,1,0.00012517211165352359,0.012517211165352359
"Zo Financial, Inc.",0.0001551619655073709,1,0.00012456402590931738,0.012456402590931738
"Homeland Financial Network, Inc.",0.0001551619655073709,1,0.00012456402590931738,0.012456402590931738
WLCC,0.0001551619655073709,1,0.00012456402590931738,0.012456402590931738
Accessity,0.0001551619655073709,1,0.00012456402590931738,0.012456402590931738
Saint Services LLC,0.0001551619655073709,1,0.00012456402590931738,0.012456402590931738
"Delta Management Associates, Inc.",0.0001551619655073709,1,0.00012456402590931738,0.012456402590931738
"Horizon West Financial, Inc",0.0001551619655073709,1,0.00012456402590931738,0.012456402590931738
DLG LLC,0.0001551619655073709,1,0.00012456402590931738,0.012456402590931738
PRONTO FINANCE INC.,0.0001551619655073709,1,0.00012456402590931738,0.012456402590931738
"Levy & Associates, LLC",0.00015343179546280117,3,0.00012374353845659843,0.012374353845659842
Stellantis Financial Services US Corp.,0.00015281624447122233,2,0.00012325510177052106,0.012325510177052105
"Lloyd & McDaniel, PLC",0.0001522728756312716,9,0.00012189987602967291,0.01218998760296729
"CARRINGTON MORTGAGE SERVICES, LLC",0.0001521405154273191,2,0.00012275304366291142,0.012275304366291142
"Leafy Financial, LLC",0.00015148970968394728,2,0.0001229790350867114,0.01229790350867114
SmartCredit LLC,0.0001497158467875281,2,0.00012228228261595015,0.012228228261595015
"EML Payments USA, LLC",0.00014909112537180464,2,0.00012195347931718692,0.012195347931718692
"The Stark Collection Agency, Inc.",0.00014888248530915704,2,0.00012197553201158184,0.012197553201158184
First Bancorp North Carolina,0.00014850317306635728,2,0.00012169930876299278,0.012169930876299279
Southern Auto Finance Co,0.0001479204821164111,2,0.00012156918665134596,0.012156918665134596
"FCTI, Inc.",0.00014731726247538542,2,0.00012125672684642569,0.012125672684642569
"Merchants & Medical Adjustment Bureau, Inc. dba Credit Bureau Associates",0.00014461232995908937,2,0.00012014995175123797,0.012014995175123796
"LPI, INC.",0.00014385302503376393,2,0.00011984590887913486,0.011984590887913486
"Roadrunner Account Services, LLC",0.00014372110971862446,2,0.00011976158470040386,0.011976158470040386
"Bounce AI, Inc.",0.00014330128360313897,4,0.00011877346557861685,0.011877346557861684
Grey Inc,0.00014306812182962592,2,0.00011947534926173733,0.011947534926173734
AMERIS BANCORP,0.0001426443272820475,2,0.000118282575412892,0.0118282575412892
"Klutch Technologies, Inc.",0.00014237342765809053,2,0.00011774300876857282,0.011774300876857283
"Porsche Financial Services, Inc.",0.0001414882706447043,2,0.00011867958810632694,0.011867958810632694
"ALEXANDER-ROSE ASSOC, INC.",0.0001410843952602923,1,0.0001187789523696401,0.011877895236964009
Olympus1 LLC,0.0001410843952602923,1,0.0001187789523696401,0.011877895236964009
BTH Management,0.0001410843952602923,1,0.0001187789523696401,0.011877895236964009
"CLAYTON AUTOS, INC",0.0001410843952602923,1,0.0001187789523696401,0.011877895236964009
Seben Hospitality Investments LLC,0.0001410843952602923,1,0.0001187789523696401,0.011877895236964009
Guglielmo and Associates,0.0001410843952602923,1,0.0001187789523696401,0.011877895236964009
Independent Savings Plan Co.,0.00014104816159049195,2,0.00011725790124309047,0.011725790124309047
"Zarzaur and Schwartz, PC",0.00013960279272232055,2,0.00011672485744444389,0.011672485744444388
United Credit and Collections Inc.,0.00013959135918994311,2,0.00011792639893688908,0.011792639893688908
Creditly Corp.,0.00013916038887480046,1,0.00011796626164916834,0.011796626164916835
"Healthcare Collection Specialists, Inc.",0.00013916038887480046,1,0.00011796626164916834,0.011796626164916835
"TriVerity, Inc.",0.00013916038887480046,1,0.00011796626164916834,0.011796626164916835
ADS Resolve LLC,0.00013916038887480046,1,0.00011796626164916834,0.011796626164916835
Nationwide Credit Corporation,0.00013916038887480046,1,0.00011796626164916834,0.011796626164916835
"Consumer Financial Services Solutions, Inc.",0.00013916038887480046,1,0.00011796626164916834,0.011796626164916835
ZuntaFi Corp,0.00013916038887480046,1,0.00011796626164916834,0.011796626164916835
"Nationwide TFS, LLC",0.00013916038887480046,1,0.00011796626164916834,0.011796626164916835
"Oliphant United, Inc.",0.00013883205426461768,2,0.00011762235606478598,0.011762235606478598
Rosebud Economic Development Corporation,0.00013866330023886212,4,0.00011703595434216182,0.011703595434216183
"Oquirrh Mountain Law Group, P.C.",0.0001384734608134784,1,0.00011767474699929395,0.011767474699929396
"Capio Partners, LLC",0.0001384734608134784,1,0.00011767474699929395,0.011767474699929396
"Wyre, Inc.",0.0001384734608134784,1,0.00011767474699929395,0.011767474699929396
Earnest Inc.,0.0001384734608134784,1,0.00011767474699929395,0.011767474699929396
"Forsythe Finance, LLC",0.0001384734608134784,1,0.00011767474699929395,0.011767474699929396
"Solomon and Solomon, P.C.",0.0001384734608134784,1,0.00011767474699929395,0.011767474699929396
"Auto Acceptance, LLC",0.0001384734608134784,1,0.00011767474699929395,0.011767474699929396
"Fresh Start Funding, LLC",0.0001384734608134784,1,0.00011767474699929395,0.011767474699929396
Academy Mortgage Corporation,0.0001384734608134784,1,0.00011767474699929395,0.011767474699929396
Premier Account Management,0.0001367618045626578,2,0.00011694070587964387,0.011694070587964386
Reach Financial LLC,0.0001355087726868177,2,0.00011640126942412315,0.011640126942412315
"Student Zoom, LLC",0.00013436322025051512,1,0.0001159151501101194,0.01159151501101194
Pappas Hayden Westberg & Jackson PC,0.00013436322025051512,1,0.0001159151501101194,0.01159151501101194
"CashRepublic Holdings, Inc.",0.00013436322025051512,1,0.0001159151501101194,0.01159151501101194
"BH Financial Group, LLC",0.00013436322025051512,1,0.0001159151501101194,0.01159151501101194
Baird Home Corporation,0.00013436322025051512,1,0.0001159151501101194,0.01159151501101194
CITY CREDIT CORPORATION,0.00013436322025051512,1,0.0001159151501101194,0.01159151501101194
TOWNEBANK,0.00013436322025051512,1,0.0001159151501101194,0.01159151501101194
No Limits Access,0.00013436322025051512,1,0.0001159151501101194,0.01159151501101194
"Debt Collectors International, Inc.",0.00013436322025051512,1,0.0001159151501101194,0.01159151501101194
Avenify Corporation,0.00013318731563962042,1,0.0001154068090017311,0.011540680900173109
"AMERIFIRST FINANCIAL, INC.",0.00013318731563962042,1,0.0001154068090017311,0.011540680900173109
Jana Ferrell & Associates LLC,0.00013318731563962042,1,0.0001154068090017311,0.011540680900173109
Ascend One Corporation,0.00013318731563962042,1,0.0001154068090017311,0.011540680900173109
"Pollack & Rosen, P.A.",0.00013318731563962042,1,0.0001154068090017311,0.011540680900173109
"ProCollect, Inc.",0.00013281145118805777,2,0.00011453170322781855,0.011453170322781855
BetterMe Financial,0.00013254408456015696,1,0.00011512779184895233,0.011512779184895234
"BSI Financial Holdings, Inc.",0.00013254408456015696,1,0.00011512779184895233,0.011512779184895234
"DMEC Capital Services LLC, DBA Settle Our Debt",0.00013254408456015696,1,0.00011512779184895233,0.011512779184895234
"Consuegra & Duffy, P.L.L.C.",0.00013254408456015696,1,0.00011512779184895233,0.011512779184895234
ELECTRONIC FUNDS SOURCE LLC,0.00013254408456015696,1,0.00011512779184895233,0.011512779184895234
"Arivo Acceptance, LLC",0.00013254408456015696,1,0.00011512779184895233,0.011512779184895234
Post Lake Lending Inc.,0.00013254408456015696,1,0.00011512779184895233,0.011512779184895234
"Atlas Services, Inc.",0.00013254408456015696,1,0.00011512779184895233,0.011512779184895234
Viva Finance Inc.,0.00013254408456015696,1,0.00011512779184895233,0.011512779184895234
"Lockhart, Morris & Montgomery Inc.",0.00013236044773196518,4,0.0001146892858589269,0.01146892858589269
Rocky Mountain Capital Management,0.00013215728410382718,3,0.0001143501924221482,0.01143501924221482
Central Research Inc,0.0001319744798594238,2,0.00011487893337450763,0.011487893337450763
"A & O Recovery Solutions, LLC",0.0001318606102276237,3,0.00011422629206896764,0.011422629206896764
Roger Van Wert,0.00013165286431969205,2,0.00011473942479811824,0.011473942479811825
IOWA STUDENT LOAN LIQUIDITY CORPORATION,0.00013076164407922717,1,0.00011435105774728416,0.011435105774728416
Premier Auto Credit,0.00013076164407922717,1,0.00011435105774728416,0.011435105774728416
"Modlin Slinsky, P.A.",0.00013076164407922717,1,0.00011435105774728416,0.011435105774728416
"COMMUNITY FINANCIAL SYSTEM, INC.",0.00013076164407922717,1,0.00011435105774728416,0.011435105774728416
Foreman Financial Inc.,0.00013076164407922717,1,0.00011435105774728416,0.011435105774728416
Lincoln Financial Services,0.00013076164407922717,1,0.00011435105774728416,0.011435105774728416
"Sago Financial, Inc.",0.0001301086561902286,2,0.00011406482230861761,0.011406482230861761
NBT BANCORP INC.,0.00012945566830123006,1,0.00011377858686995108,0.011377858686995108
BROADVIEW MORTGAGE CORPORATION,0.00012945566830123006,1,0.00011377858686995108,0.011377858686995108
Windham Equity Company,0.00012945566830123006,1,0.00011377858686995108,0.011377858686995108
Shnayder Law Firm LLC,0.00012945566830123006,1,0.00011377858686995108,0.011377858686995108
"Finance System of Richmond, Inc.",0.00012945566830123006,1,0.00011377858686995108,0.011377858686995108
"Green & Sons Agency, Inc.",0.00012945566830123006,1,0.00011377858686995108,0.011377858686995108
First Atlantic Auto Credit LLC,0.00012945566830123006,1,0.00011377858686995108,0.011377858686995108
"Time Investment Company, Inc.",0.00012945566830123006,1,0.00011377858686995108,0.011377858686995108
"Top Asset Solutions, LLC",0.00012945566830123006,1,0.00011377858686995108,0.011377858686995108
"Credit Sesame, Inc.",0.00012855418493469634,2,0.00011250206460380449,0.011250206460380448
Solar Mosaic LLC,0.0001238054320239734,5,0.00011084481314350392,0.011084481314350391
"Valon Technologies, Inc.",0.00012250214302186448,1,0.00011068068622025456,0.011068068622025456
INDEPENDENT BANK CORP.,0.00012250214302186448,1,0.00011068068622025456,0.011068068622025456
"Figliola & Romano, LLC",0.00012250214302186448,1,0.00011068068622025456,0.011068068622025456
"Columbia Collection Service, Inc.",0.00012250214302186448,1,0.00011068068622025456,0.011068068622025456
"W&A Intermediate Co., LLC",0.00011834854118547085,2,0.00010857327936097339,0.010857327936097338
"Scratch Financial, Inc.",0.00011501219040437871,2,0.00010690631731330405,0.010690631731330405
GUARANTEED RATE INC.,0.00010966960409550074,2,0.00010454325592256578,0.010454325592256578
APPLE RECOVERY SERVICES CORP,0.00010350976673132128,1,0.00010173974972021569,0.010173974972021568
"Deinde Online Services, LLC",0.00010350976673132128,1,0.00010173974972021569,0.010173974972021568
CCM Finance LLC,0.00010350976673132128,1,0.00010173974972021569,0.010173974972021568
TOLEDO FINANCE CORPORATION,0.00010350976673132128,1,0.00010173974972021569,0.010173974972021568
Credit Bureau Services Inc.,0.00010350976673132128,1,0.00010173974972021569,0.010173974972021568
"Stevens Business Service, Inc.",0.00010350976673132128,1,0.00010173974972021569,0.010173974972021568
AD Capital LLC,0.00010350976673132128,1,0.00010173974972021569,0.010173974972021568
"AAS Debt Recovery, Inc.",0.00010350976673132128,1,0.00010173974972021569,0.010173974972021568
The Phoenix Recovery Group,0.00010350976673132128,1,0.00010173974972021569,0.010173974972021568
Huron Law Group PLLC,0.00010350976673132128,1,0.00010173974972021569,0.010173974972021568
People Trust,0.00010350976673132128,1,0.00010173974972021569,0.010173974972021568
Posh RE Mortgage corporation,0.00010350976673132128,1,0.00010173974972021569,0.010173974972021568
"Greenback Recovery Group, LLC",0.00010350976673132128,1,0.00010173974972021569,0.010173974972021568
AUTOMOTIVE CREDIT CORPORATION,0.00010350976673132128,1,0.00010173974972021569,0.010173974972021568
Kubota North America Corporation,0.00010350976673132128,1,0.00010173974972021569,0.010173974972021568
"Round Up Ventures, L.P.",0.00010350976673132128,1,0.00010173974972021569,0.010173974972021568
Fig Tech Inc.,0.00010350976673132128,1,0.00010173974972021569,0.010173974972021568
"Professional Datasolutions, Inc.",0.00010350976673132128,1,0.00010173974972021569,0.010173974972021568
Bella Sloan Enterprises,9.683706516913698e-05,1,9.8405825624877e-05,0.0098405825624877
CRE Credit Services,9.683706516913698e-05,1,9.8405825624877e-05,0.0098405825624877
ENRAMEX INC,9.683706516913698e-05,1,9.8405825624877e-05,0.0098405825624877
"Ambassador Mortgage, LLC",9.683706516913698e-05,1,9.8405825624877e-05,0.0098405825624877
"Advance America, Cash Advance Centers, Inc.",9.683706516913698e-05,1,9.8405825624877e-05,0.0098405825624877
Castle and Cookie Mortgage LLC,9.683706516913698e-05,1,9.8405825624877e-05,0.0098405825624877
"Collection Bureau of Little Falls, Inc.",9.683706516913698e-05,1,9.8405825624877e-05,0.0098405825624877
Abrahamsen Gindin LLC,9.683706516913698e-05,1,9.8405825624877e-05,0.0098405825624877
Chime Inc.,9.683706516913698e-05,1,9.8405825624877e-05,0.0098405825624877
"HABITAT FOR HUMANITY INTERNATIONAL, INC.",9.683706516913698e-05,1,9.8405825624877e-05,0.0098405825624877
Unisource Joint Ventures LLC,9.683706516913698e-05,1,9.8405825624877e-05,0.0098405825624877
